date,hour,price,priceUsd,priceEur
2026-03-14T00:00:00+03:00,00:00,2999.93,68.13,58.97
2026-03-14T01:00:00+03:00,01:00,2894.0,65.73,56.89
2026-03-14T02:00:00+03:00,02:00,2789.7,63.36,54.84
2026-03-14T03:00:00+03:00,03:00,2456.0,55.78,48.28
2026-03-14T04:00:00+03:00,04:00,3090.0,70.18,60.74
2026-03-14T05:00:00+03:00,05:00,3213.0,72.97,63.16
2026-03-14T06:00:00+03:00,06:00,2989.99,67.91,58.78
2026-03-14T07:00:00+03:00,07:00,2136.88,48.53,42.01
2026-03-14T08:00:00+03:00,08:00,1750.0,39.74,34.4
2026-03-14T09:00:00+03:00,09:00,2347.7,53.32,46.15
2026-03-14T10:00:00+03:00,10:00,1670.0,37.93,32.83
2026-03-14T11:00:00+03:00,11:00,1500.0,34.07,29.49
2026-03-14T12:00:00+03:00,12:00,1201.01,27.28,23.61
2026-03-14T13:00:00+03:00,13:00,1429.01,32.45,28.09
2026-03-14T14:00:00+03:00,14:00,2300.01,52.24,45.21
2026-03-14T15:00:00+03:00,15:00,2197.99,49.92,43.21
2026-03-14T16:00:00+03:00,16:00,2300.0,52.24,45.21
2026-03-14T17:00:00+03:00,17:00,2989.98,67.91,58.78
2026-03-14T18:00:00+03:00,18:00,2989.98,67.91,58.78
2026-03-14T19:00:00+03:00,19:00,3199.47,72.66,62.89
2026-03-14T20:00:00+03:00,20:00,3300.0,74.95,64.87
2026-03-14T21:00:00+03:00,21:00,2900.01,65.86,57.01
2026-03-14T22:00:00+03:00,22:00,3009.56,68.35,59.16
2026-03-14T23:00:00+03:00,23:00,2907.11,66.02,57.15
2026-03-15T00:00:00+03:00,00:00,2800.0,63.61,55.5
2026-03-15T01:00:00+03:00,01:00,2399.99,54.52,47.57
2026-03-15T02:00:00+03:00,02:00,1500.0,34.07,29.73
2026-03-15T03:00:00+03:00,03:00,1300.0,29.53,25.77
2026-03-15T04:00:00+03:00,04:00,1709.2,38.83,33.88
2026-03-15T05:00:00+03:00,05:00,1743.99,39.62,34.57
2026-03-15T06:00:00+03:00,06:00,1900.0,43.16,37.66
2026-03-15T07:00:00+03:00,07:00,1590.0,36.12,31.52
2026-03-15T08:00:00+03:00,08:00,1600.0,36.35,31.71
2026-03-15T09:00:00+03:00,09:00,1600.01,36.35,31.71
2026-03-15T10:00:00+03:00,10:00,1201.0,27.28,23.8
2026-03-15T11:00:00+03:00,11:00,999.99,22.72,19.82
2026-03-15T12:00:00+03:00,12:00,1000.01,22.72,19.82
2026-03-15T13:00:00+03:00,13:00,1300.0,29.53,25.77
2026-03-15T14:00:00+03:00,14:00,1743.99,39.62,34.57
2026-03-15T15:00:00+03:00,15:00,1554.1,35.3,30.8
2026-03-15T16:00:00+03:00,16:00,1244.0,28.26,24.66
2026-03-15T17:00:00+03:00,17:00,1744.01,39.62,34.57
2026-03-15T18:00:00+03:00,18:00,2468.54,56.08,48.93
2026-03-15T19:00:00+03:00,19:00,3199.48,72.68,63.42
2026-03-15T20:00:00+03:00,20:00,3400.0,77.24,67.39
2026-03-15T21:00:00+03:00,21:00,2946.0,66.92,58.39
2026-03-15T22:00:00+03:00,22:00,2500.0,56.79,49.55
2026-03-15T23:00:00+03:00,23:00,1749.99,39.75,34.69
2026-03-16T00:00:00+03:00,00:00,1744.01,39.62,34.57
2026-03-16T01:00:00+03:00,01:00,1719.09,39.05,34.07
2026-03-16T02:00:00+03:00,02:00,1498.01,34.03,29.69
2026-03-16T03:00:00+03:00,03:00,1418.0,32.21,28.11
2026-03-16T04:00:00+03:00,04:00,1744.0,39.62,34.57
2026-03-16T05:00:00+03:00,05:00,1744.0,39.62,34.57
2026-03-16T06:00:00+03:00,06:00,1744.0,39.62,34.57
2026-03-16T07:00:00+03:00,07:00,2400.0,54.52,47.57
2026-03-16T08:00:00+03:00,08:00,3400.0,77.24,67.39
2026-03-16T09:00:00+03:00,09:00,3400.0,77.24,67.39
2026-03-16T10:00:00+03:00,10:00,3400.0,77.24,67.39
2026-03-16T11:00:00+03:00,11:00,3400.0,77.24,67.39
2026-03-16T12:00:00+03:00,12:00,2300.0,52.25,45.59
2026-03-16T13:00:00+03:00,13:00,2797.99,63.56,55.46
2026-03-16T14:00:00+03:00,14:00,3219.58,73.14,63.81
2026-03-16T15:00:00+03:00,15:00,3200.0,72.69,63.43
2026-03-16T16:00:00+03:00,16:00,2900.01,65.88,57.48
2026-03-16T17:00:00+03:00,17:00,3088.02,70.15,61.21
2026-03-16T18:00:00+03:00,18:00,3400.0,77.24,67.39
2026-03-16T19:00:00+03:00,19:00,3400.0,77.24,67.39
2026-03-16T20:00:00+03:00,20:00,3400.0,77.24,67.39
2026-03-16T21:00:00+03:00,21:00,2999.99,68.15,59.46
2026-03-16T22:00:00+03:00,22:00,2874.95,65.31,56.98
2026-03-16T23:00:00+03:00,23:00,2200.0,49.98,43.61
2026-03-17T00:00:00+03:00,00:00,2988.88,67.9,59.24
2026-03-17T01:00:00+03:00,01:00,2900.01,65.88,57.48
2026-03-17T02:00:00+03:00,02:00,1891.99,42.98,37.5
2026-03-17T03:00:00+03:00,03:00,1743.99,39.62,34.57
2026-03-17T04:00:00+03:00,04:00,2199.99,49.98,43.61
2026-03-17T05:00:00+03:00,05:00,2200.0,49.98,43.61
2026-03-17T06:00:00+03:00,06:00,1744.01,39.62,34.57
2026-03-17T07:00:00+03:00,07:00,1743.99,39.62,34.57
2026-03-17T08:00:00+03:00,08:00,1891.99,42.98,37.5
2026-03-17T09:00:00+03:00,09:00,1744.01,39.62,34.57
2026-03-17T10:00:00+03:00,10:00,1050.0,23.85,20.81
2026-03-17T11:00:00+03:00,11:00,1000.0,22.72,19.82
2026-03-17T12:00:00+03:00,12:00,241.41,5.48,4.78
2026-03-17T13:00:00+03:00,13:00,300.0,6.81,5.95
2026-03-17T14:00:00+03:00,14:00,1000.0,22.72,19.82
2026-03-17T15:00:00+03:00,15:00,1000.01,22.72,19.82
2026-03-17T16:00:00+03:00,16:00,1744.0,39.62,34.57
2026-03-17T17:00:00+03:00,17:00,2789.7,63.37,55.29
2026-03-17T18:00:00+03:00,18:00,2988.89,67.9,59.24
2026-03-17T19:00:00+03:00,19:00,3000.01,68.15,59.46
2026-03-17T20:00:00+03:00,20:00,3227.0,73.31,63.96
2026-03-17T21:00:00+03:00,21:00,2900.0,65.88,57.48
2026-03-17T22:00:00+03:00,22:00,2784.0,63.24,55.18
2026-03-17T23:00:00+03:00,23:00,1833.71,41.66,36.35
2026-03-18T00:00:00+03:00,00:00,2047.61,46.42,40.54
2026-03-18T01:00:00+03:00,01:00,1744.0,39.54,34.53
2026-03-18T02:00:00+03:00,02:00,1699.99,38.54,33.66
2026-03-18T03:00:00+03:00,03:00,1600.01,36.28,31.68
2026-03-18T04:00:00+03:00,04:00,1800.01,40.81,35.64
2026-03-18T05:00:00+03:00,05:00,2199.99,49.88,43.56
2026-03-18T06:00:00+03:00,06:00,1743.99,39.54,34.53
2026-03-18T07:00:00+03:00,07:00,1300.0,29.47,25.74
2026-03-18T08:00:00+03:00,08:00,1743.99,39.54,34.53
2026-03-18T09:00:00+03:00,09:00,1719.09,38.98,34.04
2026-03-18T10:00:00+03:00,10:00,1744.0,39.54,34.53
2026-03-18T11:00:00+03:00,11:00,1429.0,32.4,28.29
2026-03-18T12:00:00+03:00,12:00,900.0,20.41,17.82
2026-03-18T13:00:00+03:00,13:00,999.99,22.67,19.8
2026-03-18T14:00:00+03:00,14:00,1743.99,39.54,34.53
2026-03-18T15:00:00+03:00,15:00,1499.99,34.01,29.7
2026-03-18T16:00:00+03:00,16:00,1743.99,39.54,34.53
2026-03-18T17:00:00+03:00,17:00,1743.99,39.54,34.53
2026-03-18T18:00:00+03:00,18:00,1999.99,45.35,39.6
2026-03-18T19:00:00+03:00,19:00,1891.99,42.9,37.46
2026-03-18T20:00:00+03:00,20:00,1744.01,39.54,34.53
2026-03-18T21:00:00+03:00,21:00,2199.99,49.88,43.56
2026-03-18T22:00:00+03:00,22:00,1429.0,32.4,28.29
2026-03-18T23:00:00+03:00,23:00,700.0,15.87,13.86
2026-03-19T00:00:00+03:00,00:00,859.12,19.47,16.93
2026-03-19T01:00:00+03:00,01:00,355.99,8.07,7.01
2026-03-19T02:00:00+03:00,02:00,263.0,5.96,5.18
2026-03-19T03:00:00+03:00,03:00,236.99,5.37,4.67
2026-03-19T04:00:00+03:00,04:00,240.01,5.44,4.73
2026-03-19T05:00:00+03:00,05:00,235.01,5.33,4.63
2026-03-19T06:00:00+03:00,06:00,230.0,5.21,4.53
2026-03-19T07:00:00+03:00,07:00,171.39,3.88,3.38
2026-03-19T08:00:00+03:00,08:00,189.99,4.31,3.74
2026-03-19T09:00:00+03:00,09:00,189.99,4.31,3.74
2026-03-19T10:00:00+03:00,10:00,171.4,3.88,3.38
2026-03-19T11:00:00+03:00,11:00,171.39,3.88,3.38
2026-03-19T12:00:00+03:00,12:00,171.01,3.88,3.37
2026-03-19T13:00:00+03:00,13:00,171.02,3.88,3.37
2026-03-19T14:00:00+03:00,14:00,171.4,3.88,3.38
2026-03-19T15:00:00+03:00,15:00,194.49,4.41,3.83
2026-03-19T16:00:00+03:00,16:00,235.0,5.33,4.63
2026-03-19T17:00:00+03:00,17:00,600.01,13.6,11.82
2026-03-19T18:00:00+03:00,18:00,1275.0,28.9,25.12
2026-03-19T19:00:00+03:00,19:00,1600.0,36.26,31.53
2026-03-19T20:00:00+03:00,20:00,1743.99,39.53,34.36
2026-03-19T21:00:00+03:00,21:00,1489.0,33.75,29.34
2026-03-19T22:00:00+03:00,22:00,230.0,5.21,4.53
2026-03-19T23:00:00+03:00,23:00,175.0,3.97,3.45
2026-03-20T00:00:00+03:00,00:00,171.02,3.88,3.36
2026-03-20T01:00:00+03:00,01:00,139.99,3.17,2.75
2026-03-20T02:00:00+03:00,02:00,0.0,0.0,0.0
2026-03-20T03:00:00+03:00,03:00,0.0,0.0,0.0
2026-03-20T04:00:00+03:00,04:00,0.0,0.0,0.0
2026-03-20T05:00:00+03:00,05:00,0.02,0.0,0.0
2026-03-20T06:00:00+03:00,06:00,164.91,3.74,3.24
2026-03-20T07:00:00+03:00,07:00,160.01,3.63,3.14
2026-03-20T08:00:00+03:00,08:00,155.11,3.51,3.05
2026-03-20T09:00:00+03:00,09:00,163.35,3.7,3.21
2026-03-20T10:00:00+03:00,10:00,100.01,2.27,1.96
2026-03-20T11:00:00+03:00,11:00,0.0,0.0,0.0
2026-03-20T12:00:00+03:00,12:00,0.0,0.0,0.0
2026-03-20T13:00:00+03:00,13:00,0.0,0.0,0.0
2026-03-20T14:00:00+03:00,14:00,0.0,0.0,0.0
2026-03-20T15:00:00+03:00,15:00,0.0,0.0,0.0
2026-03-20T16:00:00+03:00,16:00,164.9,3.74,3.24
2026-03-20T17:00:00+03:00,17:00,189.99,4.3,3.73
2026-03-20T18:00:00+03:00,18:00,240.01,5.44,4.71
2026-03-20T19:00:00+03:00,19:00,250.0,5.66,4.91
2026-03-20T20:00:00+03:00,20:00,300.01,6.8,5.89
2026-03-20T21:00:00+03:00,21:00,250.0,5.66,4.91
2026-03-20T22:00:00+03:00,22:00,174.99,3.97,3.44
2026-03-20T23:00:00+03:00,23:00,170.0,3.85,3.34
2026-03-21T00:00:00+03:00,00:00,240.0,5.44,4.71
2026-03-21T01:00:00+03:00,01:00,200.0,4.53,3.93
2026-03-21T02:00:00+03:00,02:00,171.01,3.87,3.36
2026-03-21T03:00:00+03:00,03:00,170.01,3.85,3.34
2026-03-21T04:00:00+03:00,04:00,164.95,3.74,3.24
2026-03-21T05:00:00+03:00,05:00,170.0,3.85,3.34
2026-03-21T06:00:00+03:00,06:00,171.0,3.87,3.36
2026-03-21T07:00:00+03:00,07:00,171.0,3.87,3.36
2026-03-21T08:00:00+03:00,08:00,171.01,3.87,3.36
2026-03-21T09:00:00+03:00,09:00,170.01,3.85,3.34
2026-03-21T10:00:00+03:00,10:00,170.01,3.85,3.34
2026-03-21T11:00:00+03:00,11:00,170.0,3.85,3.34
2026-03-21T12:00:00+03:00,12:00,164.91,3.74,3.24
2026-03-21T13:00:00+03:00,13:00,170.0,3.85,3.34
2026-03-21T14:00:00+03:00,14:00,164.91,3.74,3.24
2026-03-21T15:00:00+03:00,15:00,171.0,3.87,3.36
2026-03-21T16:00:00+03:00,16:00,200.01,4.53,3.93
2026-03-21T17:00:00+03:00,17:00,300.01,6.8,5.89
2026-03-21T18:00:00+03:00,18:00,900.0,20.39,17.68
2026-03-21T19:00:00+03:00,19:00,1000.0,22.66,19.64
2026-03-21T20:00:00+03:00,20:00,1891.99,42.87,37.16
2026-03-21T21:00:00+03:00,21:00,1499.99,33.99,29.46
2026-03-21T22:00:00+03:00,22:00,271.0,6.14,5.32
2026-03-21T23:00:00+03:00,23:00,250.0,5.66,4.91
2026-03-22T00:00:00+03:00,00:00,356.0,8.07,6.99
2026-03-22T01:00:00+03:00,01:00,249.99,5.66,4.91
2026-03-22T02:00:00+03:00,02:00,200.0,4.53,3.93
2026-03-22T03:00:00+03:00,03:00,189.99,4.3,3.73
2026-03-22T04:00:00+03:00,04:00,175.0,3.97,3.44
2026-03-22T05:00:00+03:00,05:00,189.99,4.3,3.73
2026-03-22T06:00:00+03:00,06:00,240.0,5.44,4.71
2026-03-22T07:00:00+03:00,07:00,227.0,5.14,4.46
2026-03-22T08:00:00+03:00,08:00,180.07,4.08,3.54
2026-03-22T09:00:00+03:00,09:00,171.01,3.87,3.36
2026-03-22T10:00:00+03:00,10:00,171.0,3.87,3.36
2026-03-22T11:00:00+03:00,11:00,171.01,3.87,3.36
2026-03-22T12:00:00+03:00,12:00,174.99,3.97,3.44
2026-03-22T13:00:00+03:00,13:00,190.0,4.31,3.73
2026-03-22T14:00:00+03:00,14:00,200.01,4.53,3.93
2026-03-22T15:00:00+03:00,15:00,251.0,5.69,4.93
2026-03-22T16:00:00+03:00,16:00,1000.0,22.66,19.64
2026-03-22T17:00:00+03:00,17:00,2390.01,54.16,46.94
2026-03-22T18:00:00+03:00,18:00,2595.01,58.8,50.96
2026-03-22T19:00:00+03:00,19:00,2399.99,54.38,47.13
2026-03-22T20:00:00+03:00,20:00,1499.93,33.99,29.46
2026-03-22T21:00:00+03:00,21:00,1499.99,33.99,29.46
2026-03-22T22:00:00+03:00,22:00,1700.0,38.52,33.39
2026-03-22T23:00:00+03:00,23:00,1200.0,27.19,23.57
2026-03-23T00:00:00+03:00,00:00,300.01,6.8,5.89
2026-03-23T01:00:00+03:00,01:00,251.0,5.69,4.93
2026-03-23T02:00:00+03:00,02:00,237.0,5.37,4.65
2026-03-23T03:00:00+03:00,03:00,231.01,5.23,4.54
2026-03-23T04:00:00+03:00,04:00,234.99,5.32,4.61
2026-03-23T05:00:00+03:00,05:00,250.1,5.67,4.91
2026-03-23T06:00:00+03:00,06:00,251.01,5.69,4.93
2026-03-23T07:00:00+03:00,07:00,371.31,8.41,7.29
2026-03-23T08:00:00+03:00,08:00,2300.0,52.12,45.17
2026-03-23T09:00:00+03:00,09:00,1892.0,42.87,37.16
2026-03-23T10:00:00+03:00,10:00,2489.61,56.41,48.89
2026-03-23T11:00:00+03:00,11:00,3129.99,70.92,61.47
2026-03-23T12:00:00+03:00,12:00,2489.61,56.41,48.89
2026-03-23T13:00:00+03:00,13:00,3000.0,67.98,58.92
2026-03-23T14:00:00+03:00,14:00,2989.01,67.73,58.7
2026-03-23T15:00:00+03:00,15:00,2199.99,49.85,43.21
2026-03-23T16:00:00+03:00,16:00,2589.0,58.66,50.85
2026-03-23T17:00:00+03:00,17:00,3112.01,70.52,61.12
2026-03-23T18:00:00+03:00,18:00,3199.47,72.5,62.83
2026-03-23T19:00:00+03:00,19:00,3400.0,77.04,66.77
2026-03-23T20:00:00+03:00,20:00,3400.0,77.04,66.77
2026-03-23T21:00:00+03:00,21:00,2600.0,58.91,51.06
2026-03-23T22:00:00+03:00,22:00,1799.01,40.76,35.33
2026-03-23T23:00:00+03:00,23:00,1744.0,39.52,34.25
2026-03-24T00:00:00+03:00,00:00,1850.01,41.92,36.33
2026-03-24T01:00:00+03:00,01:00,1719.08,38.95,33.76
2026-03-24T02:00:00+03:00,02:00,1499.99,33.99,29.46
2026-03-24T03:00:00+03:00,03:00,1719.09,38.95,33.76
2026-03-24T04:00:00+03:00,04:00,1400.0,31.72,27.49
2026-03-24T05:00:00+03:00,05:00,1499.99,33.99,29.46
2026-03-24T06:00:00+03:00,06:00,1499.99,33.99,29.46
2026-03-24T07:00:00+03:00,07:00,1000.0,22.66,19.64
2026-03-24T08:00:00+03:00,08:00,2196.72,49.78,43.14
2026-03-24T09:00:00+03:00,09:00,2153.0,48.78,42.28
2026-03-24T10:00:00+03:00,10:00,1719.09,38.95,33.76
2026-03-24T11:00:00+03:00,11:00,1719.08,38.95,33.76
2026-03-24T12:00:00+03:00,12:00,1201.01,27.21,23.59
2026-03-24T13:00:00+03:00,13:00,1429.01,32.38,28.06
2026-03-24T14:00:00+03:00,14:00,1719.09,38.95,33.76
2026-03-24T15:00:00+03:00,15:00,800.0,18.13,15.71
2026-03-24T16:00:00+03:00,16:00,1719.09,38.95,33.76
2026-03-24T17:00:00+03:00,17:00,2532.17,57.38,49.73
2026-03-24T18:00:00+03:00,18:00,1719.09,38.95,33.76
2026-03-24T19:00:00+03:00,19:00,2200.0,49.85,43.21
2026-03-24T20:00:00+03:00,20:00,1719.09,38.95,33.76
2026-03-24T21:00:00+03:00,21:00,2124.99,48.15,41.73
2026-03-24T22:00:00+03:00,22:00,1429.01,32.38,28.06
2026-03-24T23:00:00+03:00,23:00,439.47,9.96,8.63
2026-03-25T00:00:00+03:00,00:00,1222.01,27.62,23.97
2026-03-25T01:00:00+03:00,01:00,800.01,18.08,15.7
2026-03-25T02:00:00+03:00,02:00,1000.0,22.6,19.62
2026-03-25T03:00:00+03:00,03:00,500.01,11.3,9.81
2026-03-25T04:00:00+03:00,04:00,484.99,10.96,9.51
2026-03-25T05:00:00+03:00,05:00,485.0,10.96,9.51
2026-03-25T06:00:00+03:00,06:00,1000.0,22.6,19.62
2026-03-25T07:00:00+03:00,07:00,1200.0,27.12,23.54
2026-03-25T08:00:00+03:00,08:00,2047.6,46.28,40.17
2026-03-25T09:00:00+03:00,09:00,1700.0,38.42,33.35
2026-03-25T10:00:00+03:00,10:00,1000.01,22.6,19.62
2026-03-25T11:00:00+03:00,11:00,800.0,18.08,15.69
2026-03-25T12:00:00+03:00,12:00,485.0,10.96,9.51
2026-03-25T13:00:00+03:00,13:00,783.9,17.72,15.38
2026-03-25T14:00:00+03:00,14:00,251.01,5.67,4.92
2026-03-25T15:00:00+03:00,15:00,601.0,13.58,11.79
2026-03-25T16:00:00+03:00,16:00,500.01,11.3,9.81
2026-03-25T17:00:00+03:00,17:00,1429.01,32.3,28.04
2026-03-25T18:00:00+03:00,18:00,1500.0,33.9,29.43
2026-03-25T19:00:00+03:00,19:00,2990.01,67.58,58.66
2026-03-25T20:00:00+03:00,20:00,2858.01,64.6,56.07
2026-03-25T21:00:00+03:00,21:00,1999.01,45.18,39.22
2026-03-25T22:00:00+03:00,22:00,1595.99,36.07,31.31
2026-03-25T23:00:00+03:00,23:00,1200.0,27.12,23.54
2026-03-26T00:00:00+03:00,00:00,1200.01,27.11,23.38
2026-03-26T01:00:00+03:00,01:00,1000.0,22.59,19.49
2026-03-26T02:00:00+03:00,02:00,1000.01,22.59,19.49
2026-03-26T03:00:00+03:00,03:00,1200.0,27.11,23.38
2026-03-26T04:00:00+03:00,04:00,1200.01,27.11,23.38
2026-03-26T05:00:00+03:00,05:00,1349.99,30.5,26.3
2026-03-26T06:00:00+03:00,06:00,1499.99,33.89,29.23
2026-03-26T07:00:00+03:00,07:00,1499.99,33.89,29.23
2026-03-26T08:00:00+03:00,08:00,1720.01,38.86,33.51
2026-03-26T09:00:00+03:00,09:00,2200.0,49.7,42.87
2026-03-26T10:00:00+03:00,10:00,900.0,20.33,17.54
2026-03-26T11:00:00+03:00,11:00,1200.0,27.11,23.38
2026-03-26T12:00:00+03:00,12:00,1200.01,27.11,23.38
2026-03-26T13:00:00+03:00,13:00,1298.04,29.33,25.29
2026-03-26T14:00:00+03:00,14:00,1200.01,27.11,23.38
2026-03-26T15:00:00+03:00,15:00,397.99,8.99,7.75
2026-03-26T16:00:00+03:00,16:00,1499.99,33.89,29.23
2026-03-26T17:00:00+03:00,17:00,3100.0,70.03,60.4
2026-03-26T18:00:00+03:00,18:00,3400.0,76.81,66.25
2026-03-26T19:00:00+03:00,19:00,3400.0,76.81,66.25
2026-03-26T20:00:00+03:00,20:00,3400.0,76.81,66.25
2026-03-26T21:00:00+03:00,21:00,3400.0,76.81,66.25
2026-03-26T22:00:00+03:00,22:00,2977.01,67.26,58.01
2026-03-26T23:00:00+03:00,23:00,1649.98,37.28,32.15
2026-03-27T00:00:00+03:00,00:00,2199.99,49.69,42.83
2026-03-27T01:00:00+03:00,01:00,1200.0,27.1,23.36
2026-03-27T02:00:00+03:00,02:00,500.01,11.29,9.74
2026-03-27T03:00:00+03:00,03:00,500.01,11.29,9.74
2026-03-27T04:00:00+03:00,04:00,251.01,5.67,4.89
2026-03-27T05:00:00+03:00,05:00,300.01,6.78,5.84
2026-03-27T06:00:00+03:00,06:00,490.0,11.07,9.54
2026-03-27T07:00:00+03:00,07:00,355.99,8.04,6.93
2026-03-27T08:00:00+03:00,08:00,1499.99,33.88,29.2
2026-03-27T09:00:00+03:00,09:00,240.01,5.42,4.67
2026-03-27T10:00:00+03:00,10:00,171.0,3.86,3.33
2026-03-27T11:00:00+03:00,11:00,164.91,3.72,3.21
2026-03-27T12:00:00+03:00,12:00,0.0,0.0,0.0
2026-03-27T13:00:00+03:00,13:00,0.0,0.0,0.0
2026-03-27T14:00:00+03:00,14:00,100.0,2.26,1.95
2026-03-27T15:00:00+03:00,15:00,164.91,3.72,3.21
2026-03-27T16:00:00+03:00,16:00,249.99,5.65,4.87
2026-03-27T17:00:00+03:00,17:00,699.99,15.81,13.63
2026-03-27T18:00:00+03:00,18:00,1200.01,27.1,23.36
2026-03-27T19:00:00+03:00,19:00,3199.47,72.27,62.29
2026-03-27T20:00:00+03:00,20:00,2500.01,56.47,48.67
2026-03-27T21:00:00+03:00,21:00,2897.99,65.46,56.42
2026-03-27T22:00:00+03:00,22:00,1429.0,32.28,27.82
2026-03-27T23:00:00+03:00,23:00,601.0,13.57,11.7
2026-03-28T00:00:00+03:00,00:00,1499.98,33.87,29.32
2026-03-28T01:00:00+03:00,01:00,1000.0,22.58,19.55
2026-03-28T02:00:00+03:00,02:00,700.0,15.81,13.68
2026-03-28T03:00:00+03:00,03:00,415.1,9.37,8.11
2026-03-28T04:00:00+03:00,04:00,300.01,6.77,5.86
2026-03-28T05:00:00+03:00,05:00,800.01,18.07,15.64
2026-03-28T06:00:00+03:00,06:00,1200.0,27.1,23.46
2026-03-28T07:00:00+03:00,07:00,171.0,3.86,3.34
2026-03-28T08:00:00+03:00,08:00,170.01,3.84,3.32
2026-03-28T09:00:00+03:00,09:00,170.01,3.84,3.32
2026-03-28T10:00:00+03:00,10:00,164.91,3.72,3.22
2026-03-28T11:00:00+03:00,11:00,171.01,3.86,3.34
2026-03-28T12:00:00+03:00,12:00,171.0,3.86,3.34
2026-03-28T13:00:00+03:00,13:00,189.99,4.29,3.71
2026-03-28T14:00:00+03:00,14:00,243.53,5.5,4.76
2026-03-28T15:00:00+03:00,15:00,231.0,5.22,4.52
2026-03-28T16:00:00+03:00,16:00,500.01,11.29,9.77
2026-03-28T17:00:00+03:00,17:00,1200.01,27.1,23.46
2026-03-28T18:00:00+03:00,18:00,2700.01,60.97,52.77
2026-03-28T19:00:00+03:00,19:00,3400.0,76.78,66.46
2026-03-28T20:00:00+03:00,20:00,3400.0,76.78,66.46
2026-03-28T21:00:00+03:00,21:00,2789.7,63.0,54.53
2026-03-28T22:00:00+03:00,22:00,1499.99,33.87,29.32
2026-03-28T23:00:00+03:00,23:00,700.01,15.81,13.68
2026-03-29T00:00:00+03:00,00:00,2451.0,55.34,48.04
2026-03-29T01:00:00+03:00,01:00,1450.0,32.74,28.42
2026-03-29T02:00:00+03:00,02:00,500.0,11.29,9.8
2026-03-29T03:00:00+03:00,03:00,500.01,11.29,9.8
2026-03-29T04:00:00+03:00,04:00,300.01,6.77,5.88
2026-03-29T05:00:00+03:00,05:00,500.0,11.29,9.8
2026-03-29T06:00:00+03:00,06:00,490.0,11.06,9.61
2026-03-29T07:00:00+03:00,07:00,251.0,5.67,4.92
2026-03-29T08:00:00+03:00,08:00,237.01,5.35,4.65
2026-03-29T09:00:00+03:00,09:00,200.0,4.52,3.92
2026-03-29T10:00:00+03:00,10:00,186.0,4.2,3.65
2026-03-29T11:00:00+03:00,11:00,174.99,3.95,3.43
2026-03-29T12:00:00+03:00,12:00,100.0,2.26,1.96
2026-03-29T13:00:00+03:00,13:00,79.99,1.81,1.57
2026-03-29T14:00:00+03:00,14:00,161.91,3.66,3.17
2026-03-29T15:00:00+03:00,15:00,200.0,4.52,3.92
2026-03-29T16:00:00+03:00,16:00,251.0,5.67,4.92
2026-03-29T17:00:00+03:00,17:00,1200.0,27.09,23.52
2026-03-29T18:00:00+03:00,18:00,1499.99,33.87,29.4
2026-03-29T19:00:00+03:00,19:00,3299.99,74.51,64.69
2026-03-29T20:00:00+03:00,20:00,3200.0,72.25,62.73
2026-03-29T21:00:00+03:00,21:00,2500.0,56.45,49.01
2026-03-29T22:00:00+03:00,22:00,1499.01,33.85,29.38
2026-03-29T23:00:00+03:00,23:00,799.99,18.06,15.68
2026-03-30T00:00:00+03:00,00:00,600.0,13.55,11.76
2026-03-30T01:00:00+03:00,01:00,356.0,8.04,6.98
2026-03-30T02:00:00+03:00,02:00,251.01,5.67,4.92
2026-03-30T03:00:00+03:00,03:00,251.0,5.67,4.92
2026-03-30T04:00:00+03:00,04:00,249.99,5.64,4.9
2026-03-30T05:00:00+03:00,05:00,251.01,5.67,4.92
2026-03-30T06:00:00+03:00,06:00,500.0,11.29,9.8
2026-03-30T07:00:00+03:00,07:00,1200.0,27.09,23.52
2026-03-30T08:00:00+03:00,08:00,1740.1,39.29,34.11
2026-03-30T09:00:00+03:00,09:00,1820.0,41.09,35.68
2026-03-30T10:00:00+03:00,10:00,1200.01,27.1,23.52
2026-03-30T11:00:00+03:00,11:00,1249.99,28.22,24.5
2026-03-30T12:00:00+03:00,12:00,800.0,18.06,15.68
2026-03-30T13:00:00+03:00,13:00,1200.0,27.09,23.52
2026-03-30T14:00:00+03:00,14:00,1499.99,33.87,29.4
2026-03-30T15:00:00+03:00,15:00,1060.3,23.94,20.78
2026-03-30T16:00:00+03:00,16:00,2000.01,45.16,39.2
2026-03-30T17:00:00+03:00,17:00,3094.01,69.86,60.65
2026-03-30T18:00:00+03:00,18:00,3325.0,75.08,65.18
2026-03-30T19:00:00+03:00,19:00,3400.0,76.77,66.65
2026-03-30T20:00:00+03:00,20:00,3400.0,76.77,66.65
2026-03-30T21:00:00+03:00,21:00,3325.0,75.08,65.18
2026-03-30T22:00:00+03:00,22:00,2999.99,67.74,58.81
2026-03-30T23:00:00+03:00,23:00,2000.0,45.16,39.2
2026-03-31T00:00:00+03:00,00:00,2390.0,53.96,46.85
2026-03-31T01:00:00+03:00,01:00,1350.0,30.48,26.46
2026-03-31T02:00:00+03:00,02:00,699.99,15.81,13.72
2026-03-31T03:00:00+03:00,03:00,899.99,20.32,17.64
2026-03-31T04:00:00+03:00,04:00,500.01,11.29,9.8
2026-03-31T05:00:00+03:00,05:00,899.99,20.32,17.64
2026-03-31T06:00:00+03:00,06:00,1200.01,27.1,23.52
2026-03-31T07:00:00+03:00,07:00,1200.0,27.09,23.52
2026-03-31T08:00:00+03:00,08:00,1645.01,37.14,32.25
2026-03-31T09:00:00+03:00,09:00,1200.0,27.09,23.52
2026-03-31T10:00:00+03:00,10:00,499.99,11.29,9.8
2026-03-31T11:00:00+03:00,11:00,400.01,9.03,7.84
2026-03-31T12:00:00+03:00,12:00,231.0,5.22,4.53
2026-03-31T13:00:00+03:00,13:00,249.99,5.64,4.9
2026-03-31T14:00:00+03:00,14:00,500.0,11.29,9.8
2026-03-31T15:00:00+03:00,15:00,300.0,6.77,5.88
2026-03-31T16:00:00+03:00,16:00,948.79,21.42,18.6
2026-03-31T17:00:00+03:00,17:00,2200.0,49.67,43.12
2026-03-31T18:00:00+03:00,18:00,3000.01,67.74,58.81
2026-03-31T19:00:00+03:00,19:00,3400.0,76.77,66.65
2026-03-31T20:00:00+03:00,20:00,3400.0,76.77,66.65
2026-03-31T21:00:00+03:00,21:00,2941.78,66.42,57.67
2026-03-31T22:00:00+03:00,22:00,1744.01,39.38,34.19
2026-03-31T23:00:00+03:00,23:00,999.99,22.58,19.6
2026-04-01T00:00:00+03:00,00:00,1499.99,33.8,29.4
2026-04-01T01:00:00+03:00,01:00,800.0,18.02,15.68
2026-04-01T02:00:00+03:00,02:00,500.0,11.27,9.8
2026-04-01T03:00:00+03:00,03:00,500.51,11.28,9.81
2026-04-01T04:00:00+03:00,04:00,835.01,18.81,16.37
2026-04-01T05:00:00+03:00,05:00,1200.0,27.04,23.52
2026-04-01T06:00:00+03:00,06:00,1200.0,27.04,23.52
2026-04-01T07:00:00+03:00,07:00,500.03,11.27,9.8
2026-04-01T08:00:00+03:00,08:00,999.0,22.51,19.58
2026-04-01T09:00:00+03:00,09:00,404.49,9.11,7.93
2026-04-01T10:00:00+03:00,10:00,300.01,6.76,5.88
2026-04-01T11:00:00+03:00,11:00,300.0,6.76,5.88
2026-04-01T12:00:00+03:00,12:00,181.0,4.08,3.55
2026-04-01T13:00:00+03:00,13:00,200.01,4.51,3.92
2026-04-01T14:00:00+03:00,14:00,250.0,5.63,4.9
2026-04-01T15:00:00+03:00,15:00,250.01,5.63,4.9
2026-04-01T16:00:00+03:00,16:00,500.01,11.27,9.8
2026-04-01T17:00:00+03:00,17:00,1200.01,27.04,23.52
2026-04-01T18:00:00+03:00,18:00,1300.01,29.29,25.48
2026-04-01T19:00:00+03:00,19:00,2098.48,47.28,41.13
2026-04-01T20:00:00+03:00,20:00,1699.01,38.28,33.3
2026-04-01T21:00:00+03:00,21:00,1499.98,33.8,29.4
2026-04-01T22:00:00+03:00,22:00,600.01,13.52,11.76
2026-04-01T23:00:00+03:00,23:00,250.0,5.63,4.9
2026-04-02T00:00:00+03:00,00:00,249.99,5.63,4.91
2026-04-02T01:00:00+03:00,01:00,240.0,5.41,4.71
2026-04-02T02:00:00+03:00,02:00,201.01,4.53,3.95
2026-04-02T03:00:00+03:00,03:00,200.0,4.5,3.93
2026-04-02T04:00:00+03:00,04:00,199.99,4.5,3.93
2026-04-02T05:00:00+03:00,05:00,201.0,4.53,3.95
2026-04-02T06:00:00+03:00,06:00,201.01,4.53,3.95
2026-04-02T07:00:00+03:00,07:00,250.01,5.63,4.91
2026-04-02T08:00:00+03:00,08:00,1000.0,22.52,19.64
2026-04-02T09:00:00+03:00,09:00,1200.01,27.03,23.56
2026-04-02T10:00:00+03:00,10:00,1249.99,28.16,24.54
2026-04-02T11:00:00+03:00,11:00,1200.01,27.03,23.56
2026-04-02T12:00:00+03:00,12:00,499.99,11.26,9.82
2026-04-02T13:00:00+03:00,13:00,499.99,11.26,9.82
2026-04-02T14:00:00+03:00,14:00,500.0,11.26,9.82
2026-04-02T15:00:00+03:00,15:00,260.0,5.86,5.11
2026-04-02T16:00:00+03:00,16:00,300.01,6.76,5.89
2026-04-02T17:00:00+03:00,17:00,500.01,11.26,9.82
2026-04-02T18:00:00+03:00,18:00,899.0,20.25,17.65
2026-04-02T19:00:00+03:00,19:00,2450.0,55.19,48.11
2026-04-02T20:00:00+03:00,20:00,2047.61,46.12,40.2
2026-04-02T21:00:00+03:00,21:00,2000.0,45.05,39.27
2026-04-02T22:00:00+03:00,22:00,1000.01,22.52,19.64
2026-04-02T23:00:00+03:00,23:00,355.99,8.02,6.99
2026-04-03T00:00:00+03:00,00:00,237.0,5.34,4.6
2026-04-03T01:00:00+03:00,01:00,201.01,4.53,3.9
2026-04-03T02:00:00+03:00,02:00,200.0,4.51,3.89
2026-04-03T03:00:00+03:00,03:00,174.99,3.94,3.4
2026-04-03T04:00:00+03:00,04:00,171.02,3.85,3.32
2026-04-03T05:00:00+03:00,05:00,189.99,4.28,3.69
2026-04-03T06:00:00+03:00,06:00,190.01,4.28,3.69
2026-04-03T07:00:00+03:00,07:00,174.99,3.94,3.4
2026-04-03T08:00:00+03:00,08:00,260.01,5.86,5.05
2026-04-03T09:00:00+03:00,09:00,250.01,5.63,4.86
2026-04-03T10:00:00+03:00,10:00,200.01,4.51,3.89
2026-04-03T11:00:00+03:00,11:00,175.0,3.94,3.4
2026-04-03T12:00:00+03:00,12:00,170.01,3.83,3.3
2026-04-03T13:00:00+03:00,13:00,167.38,3.77,3.25
2026-04-03T14:00:00+03:00,14:00,179.0,4.03,3.48
2026-04-03T15:00:00+03:00,15:00,175.0,3.94,3.4
2026-04-03T16:00:00+03:00,16:00,240.0,5.41,4.66
2026-04-03T17:00:00+03:00,17:00,999.0,22.5,19.41
2026-04-03T18:00:00+03:00,18:00,1200.01,27.03,23.31
2026-04-03T19:00:00+03:00,19:00,3000.01,67.58,58.28
2026-04-03T20:00:00+03:00,20:00,3000.01,67.58,58.28
2026-04-03T21:00:00+03:00,21:00,2587.01,58.27,50.25
2026-04-03T22:00:00+03:00,22:00,1499.99,33.79,29.14
2026-04-03T23:00:00+03:00,23:00,999.0,22.5,19.41
2026-04-04T00:00:00+03:00,00:00,1200.01,27.02,23.44
2026-04-04T01:00:00+03:00,01:00,999.0,22.49,19.52
2026-04-04T02:00:00+03:00,02:00,875.99,19.72,17.11
2026-04-04T03:00:00+03:00,03:00,610.0,13.73,11.92
2026-04-04T04:00:00+03:00,04:00,699.99,15.76,13.67
2026-04-04T05:00:00+03:00,05:00,999.99,22.51,19.54
2026-04-04T06:00:00+03:00,06:00,900.01,20.26,17.58
2026-04-04T07:00:00+03:00,07:00,250.01,5.63,4.88
2026-04-04T08:00:00+03:00,08:00,207.0,4.66,4.04
2026-04-04T09:00:00+03:00,09:00,199.01,4.48,3.89
2026-04-04T10:00:00+03:00,10:00,199.01,4.48,3.89
2026-04-04T11:00:00+03:00,11:00,199.99,4.5,3.91
2026-04-04T12:00:00+03:00,12:00,175.0,3.94,3.42
2026-04-04T13:00:00+03:00,13:00,199.99,4.5,3.91
2026-04-04T14:00:00+03:00,14:00,200.01,4.5,3.91
2026-04-04T15:00:00+03:00,15:00,249.99,5.63,4.88
2026-04-04T16:00:00+03:00,16:00,456.0,10.27,8.91
2026-04-04T17:00:00+03:00,17:00,1499.99,33.77,29.3
2026-04-04T18:00:00+03:00,18:00,3945.0,88.82,77.07
2026-04-04T19:00:00+03:00,19:00,4500.0,101.32,87.91
2026-04-04T20:00:00+03:00,20:00,4499.98,101.32,87.91
2026-04-04T21:00:00+03:00,21:00,3600.0,81.05,70.33
2026-04-04T22:00:00+03:00,22:00,1725.0,38.84,33.7
2026-04-04T23:00:00+03:00,23:00,1090.48,24.55,21.3
2026-04-05T00:00:00+03:00,00:00,1350.0,30.38,26.32
2026-04-05T01:00:00+03:00,01:00,999.99,22.51,19.5
2026-04-05T02:00:00+03:00,02:00,500.0,11.25,9.75
2026-04-05T03:00:00+03:00,03:00,300.0,6.75,5.85
2026-04-05T04:00:00+03:00,04:00,299.99,6.75,5.85
2026-04-05T05:00:00+03:00,05:00,299.2,6.73,5.83
2026-04-05T06:00:00+03:00,06:00,234.08,5.27,4.56
2026-04-05T07:00:00+03:00,07:00,120.0,2.7,2.34
2026-04-05T08:00:00+03:00,08:00,0.0,0.0,0.0
2026-04-05T09:00:00+03:00,09:00,0.0,0.0,0.0
2026-04-05T10:00:00+03:00,10:00,0.0,0.0,0.0
2026-04-05T11:00:00+03:00,11:00,0.0,0.0,0.0
2026-04-05T12:00:00+03:00,12:00,0.0,0.0,0.0
2026-04-05T13:00:00+03:00,13:00,0.0,0.0,0.0
2026-04-05T14:00:00+03:00,14:00,0.0,0.0,0.0
2026-04-05T15:00:00+03:00,15:00,0.0,0.0,0.0
2026-04-05T16:00:00+03:00,16:00,0.0,0.0,0.0
2026-04-05T17:00:00+03:00,17:00,171.01,3.85,3.33
2026-04-05T18:00:00+03:00,18:00,700.02,15.76,13.65
2026-04-05T19:00:00+03:00,19:00,1899.0,42.74,37.03
2026-04-05T20:00:00+03:00,20:00,2000.01,45.01,39.0
2026-04-05T21:00:00+03:00,21:00,1899.01,42.74,37.03
2026-04-05T22:00:00+03:00,22:00,1090.48,24.54,21.26
2026-04-05T23:00:00+03:00,23:00,500.01,11.25,9.75
2026-04-06T00:00:00+03:00,00:00,288.59,6.5,5.63
2026-04-06T01:00:00+03:00,01:00,250.01,5.63,4.87
2026-04-06T02:00:00+03:00,02:00,250.0,5.63,4.87
2026-04-06T03:00:00+03:00,03:00,249.99,5.63,4.87
2026-04-06T04:00:00+03:00,04:00,249.99,5.63,4.87
2026-04-06T05:00:00+03:00,05:00,300.01,6.75,5.85
2026-04-06T06:00:00+03:00,06:00,310.99,7.0,6.06
2026-04-06T07:00:00+03:00,07:00,252.01,5.67,4.91
2026-04-06T08:00:00+03:00,08:00,252.01,5.67,4.91
2026-04-06T09:00:00+03:00,09:00,200.0,4.5,3.9
2026-04-06T10:00:00+03:00,10:00,149.99,3.38,2.92
2026-04-06T11:00:00+03:00,11:00,0.0,0.0,0.0
2026-04-06T12:00:00+03:00,12:00,0.0,0.0,0.0
2026-04-06T13:00:00+03:00,13:00,0.0,0.0,0.0
2026-04-06T14:00:00+03:00,14:00,146.51,3.3,2.86
2026-04-06T15:00:00+03:00,15:00,171.02,3.85,3.33
2026-04-06T16:00:00+03:00,16:00,500.0,11.25,9.75
2026-04-06T17:00:00+03:00,17:00,1990.0,44.79,38.8
2026-04-06T18:00:00+03:00,18:00,3249.99,73.15,63.37
2026-04-06T19:00:00+03:00,19:00,4400.0,99.03,85.79
2026-04-06T20:00:00+03:00,20:00,4450.01,100.16,86.77
2026-04-06T21:00:00+03:00,21:00,3945.01,88.79,76.92
2026-04-06T22:00:00+03:00,22:00,3323.69,74.81,64.81
2026-04-06T23:00:00+03:00,23:00,2750.01,61.89,53.62
2026-04-07T00:00:00+03:00,00:00,1729.99,38.94,33.73
2026-04-07T01:00:00+03:00,01:00,1123.45,25.29,21.91
2026-04-07T02:00:00+03:00,02:00,989.99,22.28,19.3
2026-04-07T03:00:00+03:00,03:00,999.99,22.51,19.5
2026-04-07T04:00:00+03:00,04:00,999.98,22.51,19.5
2026-04-07T05:00:00+03:00,05:00,1200.01,27.01,23.4
2026-04-07T06:00:00+03:00,06:00,1200.01,27.01,23.4
2026-04-07T07:00:00+03:00,07:00,600.0,13.5,11.7
2026-04-07T08:00:00+03:00,08:00,582.0,13.1,11.35
2026-04-07T09:00:00+03:00,09:00,235.01,5.29,4.58
2026-04-07T10:00:00+03:00,10:00,168.01,3.78,3.28
2026-04-07T11:00:00+03:00,11:00,170.01,3.83,3.31
2026-04-07T12:00:00+03:00,12:00,0.0,0.0,0.0
2026-04-07T13:00:00+03:00,13:00,0.0,0.0,0.0
2026-04-07T14:00:00+03:00,14:00,137.99,3.11,2.69
2026-04-07T15:00:00+03:00,15:00,0.0,0.0,0.0
2026-04-07T16:00:00+03:00,16:00,171.0,3.85,3.33
2026-04-07T17:00:00+03:00,17:00,749.48,16.87,14.61
2026-04-07T18:00:00+03:00,18:00,2699.99,60.77,52.65
2026-04-07T19:00:00+03:00,19:00,4500.0,101.28,87.74
2026-04-07T20:00:00+03:00,20:00,4349.99,97.91,84.82
2026-04-07T21:00:00+03:00,21:00,3945.0,88.79,76.92
2026-04-07T22:00:00+03:00,22:00,1275.0,28.7,24.86
2026-04-07T23:00:00+03:00,23:00,525.87,11.84,10.25
2026-04-08T00:00:00+03:00,00:00,998.01,22.42,19.41
2026-04-08T01:00:00+03:00,01:00,397.39,8.93,7.73
2026-04-08T02:00:00+03:00,02:00,303.0,6.81,5.89
2026-04-08T03:00:00+03:00,03:00,270.0,6.07,5.25
2026-04-08T04:00:00+03:00,04:00,250.0,5.62,4.86
2026-04-08T05:00:00+03:00,05:00,260.01,5.84,5.06
2026-04-08T06:00:00+03:00,06:00,270.01,6.07,5.25
2026-04-08T07:00:00+03:00,07:00,250.0,5.62,4.86
2026-04-08T08:00:00+03:00,08:00,749.48,16.84,14.58
2026-04-08T09:00:00+03:00,09:00,320.02,7.19,6.23
2026-04-08T10:00:00+03:00,10:00,260.0,5.84,5.06
2026-04-08T11:00:00+03:00,11:00,224.0,5.03,4.36
2026-04-08T12:00:00+03:00,12:00,170.01,3.82,3.31
2026-04-08T13:00:00+03:00,13:00,171.01,3.84,3.33
2026-04-08T14:00:00+03:00,14:00,200.01,4.49,3.89
2026-04-08T15:00:00+03:00,15:00,199.0,4.47,3.87
2026-04-08T16:00:00+03:00,16:00,234.99,5.28,4.57
2026-04-08T17:00:00+03:00,17:00,749.47,16.84,14.58
2026-04-08T18:00:00+03:00,18:00,900.0,20.22,17.51
2026-04-08T19:00:00+03:00,19:00,2037.0,45.77,39.63
2026-04-08T20:00:00+03:00,20:00,2199.99,49.43,42.8
2026-04-08T21:00:00+03:00,21:00,2750.0,61.79,53.5
2026-04-08T22:00:00+03:00,22:00,1264.37,28.41,24.6
2026-04-08T23:00:00+03:00,23:00,700.02,15.73,13.62
2026-04-09T00:00:00+03:00,00:00,492.0,11.05,9.56
2026-04-09T01:00:00+03:00,01:00,700.0,15.72,13.6
2026-04-09T02:00:00+03:00,02:00,880.0,19.76,17.1
2026-04-09T03:00:00+03:00,03:00,876.0,19.67,17.02
2026-04-09T04:00:00+03:00,04:00,999.99,22.46,19.43
2026-04-09T05:00:00+03:00,05:00,1200.01,26.95,23.32
2026-04-09T06:00:00+03:00,06:00,1499.99,33.69,29.15
2026-04-09T07:00:00+03:00,07:00,1050.0,23.58,20.41
2026-04-09T08:00:00+03:00,08:00,1000.0,22.46,19.43
2026-04-09T09:00:00+03:00,09:00,499.99,11.23,9.72
2026-04-09T10:00:00+03:00,10:00,299.76,6.73,5.83
2026-04-09T11:00:00+03:00,11:00,250.0,5.61,4.86
2026-04-09T12:00:00+03:00,12:00,189.99,4.27,3.69
2026-04-09T13:00:00+03:00,13:00,200.01,4.49,3.89
2026-04-09T14:00:00+03:00,14:00,500.0,11.23,9.72
2026-04-09T15:00:00+03:00,15:00,350.0,7.86,6.8
2026-04-09T16:00:00+03:00,16:00,1000.0,22.46,19.43
2026-04-09T17:00:00+03:00,17:00,3323.7,74.65,64.59
2026-04-09T18:00:00+03:00,18:00,3696.0,83.01,71.83
2026-04-09T19:00:00+03:00,19:00,4500.0,101.07,87.45
2026-04-09T20:00:00+03:00,20:00,4500.0,101.07,87.45
2026-04-09T21:00:00+03:00,21:00,4400.01,98.82,85.51
2026-04-09T22:00:00+03:00,22:00,3400.0,76.36,66.08
2026-04-09T23:00:00+03:00,23:00,2785.7,62.56,54.14
2026-04-10T00:00:00+03:00,00:00,2699.99,60.74,51.96
2026-04-10T01:00:00+03:00,01:00,1200.01,27.0,23.09
2026-04-10T02:00:00+03:00,02:00,1200.0,26.99,23.09
2026-04-10T03:00:00+03:00,03:00,1200.01,27.0,23.09
2026-04-10T04:00:00+03:00,04:00,1200.01,27.0,23.09
2026-04-10T05:00:00+03:00,05:00,1695.0,38.13,32.62
2026-04-10T06:00:00+03:00,06:00,1200.0,26.99,23.09
2026-04-10T07:00:00+03:00,07:00,750.01,16.87,14.43
2026-04-10T08:00:00+03:00,08:00,3599.99,80.98,69.27
2026-04-10T09:00:00+03:00,09:00,2100.0,47.24,40.41
2026-04-10T10:00:00+03:00,10:00,999.99,22.5,19.24
2026-04-10T11:00:00+03:00,11:00,1200.0,26.99,23.09
2026-04-10T12:00:00+03:00,12:00,443.01,9.97,8.52
2026-04-10T13:00:00+03:00,13:00,300.01,6.75,5.77
2026-04-10T14:00:00+03:00,14:00,1082.64,24.35,20.83
2026-04-10T15:00:00+03:00,15:00,745.0,16.76,14.34
2026-04-10T16:00:00+03:00,16:00,999.99,22.5,19.24
2026-04-10T17:00:00+03:00,17:00,2080.99,46.81,40.04
2026-04-10T18:00:00+03:00,18:00,2451.0,55.14,47.16
2026-04-10T19:00:00+03:00,19:00,4450.0,100.11,85.63
2026-04-10T20:00:00+03:00,20:00,4500.0,101.23,86.59
2026-04-10T21:00:00+03:00,21:00,3599.99,80.98,69.27
2026-04-10T22:00:00+03:00,22:00,2660.0,59.84,51.19
2026-04-10T23:00:00+03:00,23:00,1650.0,37.12,31.75
2026-04-11T00:00:00+03:00,00:00,2499.99,56.17,48.12
2026-04-11T01:00:00+03:00,01:00,1200.01,26.96,23.1
2026-04-11T02:00:00+03:00,02:00,1130.0,25.39,21.75
2026-04-11T03:00:00+03:00,03:00,1200.0,26.96,23.1
2026-04-11T04:00:00+03:00,04:00,1200.0,26.96,23.1
2026-04-11T05:00:00+03:00,05:00,1200.01,26.96,23.1
2026-04-11T06:00:00+03:00,06:00,1150.0,25.84,22.14
2026-04-11T07:00:00+03:00,07:00,500.0,11.23,9.62
2026-04-11T08:00:00+03:00,08:00,999.98,22.47,19.25
2026-04-11T09:00:00+03:00,09:00,449.48,10.1,8.65
2026-04-11T10:00:00+03:00,10:00,250.0,5.62,4.81
2026-04-11T11:00:00+03:00,11:00,225.0,5.06,4.33
2026-04-11T12:00:00+03:00,12:00,171.01,3.84,3.29
2026-04-11T13:00:00+03:00,13:00,190.0,4.27,3.66
2026-04-11T14:00:00+03:00,14:00,250.0,5.62,4.81
2026-04-11T15:00:00+03:00,15:00,301.0,6.76,5.79
2026-04-11T16:00:00+03:00,16:00,402.0,9.03,7.74
2026-04-11T17:00:00+03:00,17:00,1913.01,42.98,36.82
2026-04-11T18:00:00+03:00,18:00,3249.99,73.02,62.56
2026-04-11T19:00:00+03:00,19:00,4500.0,101.1,86.62
2026-04-11T20:00:00+03:00,20:00,4500.0,101.1,86.62
2026-04-11T21:00:00+03:00,21:00,4099.99,92.11,78.92
2026-04-11T22:00:00+03:00,22:00,3100.01,69.65,59.67
2026-04-11T23:00:00+03:00,23:00,3500.01,78.63,67.37
2026-04-12T00:00:00+03:00,00:00,2699.99,60.65,51.85
2026-04-12T01:00:00+03:00,01:00,1499.98,33.7,28.8
2026-04-12T02:00:00+03:00,02:00,1200.0,26.96,23.04
2026-04-12T03:00:00+03:00,03:00,1200.0,26.96,23.04
2026-04-12T04:00:00+03:00,04:00,999.99,22.46,19.2
2026-04-12T05:00:00+03:00,05:00,1200.0,26.96,23.04
2026-04-12T06:00:00+03:00,06:00,999.98,22.46,19.2
2026-04-12T07:00:00+03:00,07:00,200.01,4.49,3.84
2026-04-12T08:00:00+03:00,08:00,0.0,0.0,0.0
2026-04-12T09:00:00+03:00,09:00,0.0,0.0,0.0
2026-04-12T10:00:00+03:00,10:00,0.0,0.0,0.0
2026-04-12T11:00:00+03:00,11:00,0.0,0.0,0.0
2026-04-12T12:00:00+03:00,12:00,0.0,0.0,0.0
2026-04-12T13:00:00+03:00,13:00,0.0,0.0,0.0
2026-04-12T14:00:00+03:00,14:00,0.0,0.0,0.0
2026-04-12T15:00:00+03:00,15:00,0.0,0.0,0.0
2026-04-12T16:00:00+03:00,16:00,0.0,0.0,0.0
2026-04-12T17:00:00+03:00,17:00,190.0,4.27,3.65
2026-04-12T18:00:00+03:00,18:00,550.0,12.36,10.56
2026-04-12T19:00:00+03:00,19:00,3451.53,77.54,66.28
2026-04-12T20:00:00+03:00,20:00,4099.99,92.1,78.73
2026-04-12T21:00:00+03:00,21:00,2799.0,62.88,53.75
2026-04-12T22:00:00+03:00,22:00,1249.99,28.08,24.0
2026-04-12T23:00:00+03:00,23:00,745.01,16.74,14.31
2026-04-13T00:00:00+03:00,00:00,499.99,11.23,9.6
2026-04-13T01:00:00+03:00,01:00,300.0,6.74,5.76
2026-04-13T02:00:00+03:00,02:00,249.99,5.62,4.8
2026-04-13T03:00:00+03:00,03:00,250.0,5.62,4.8
2026-04-13T04:00:00+03:00,04:00,225.0,5.05,4.32
2026-04-13T05:00:00+03:00,05:00,300.0,6.74,5.76
2026-04-13T06:00:00+03:00,06:00,328.82,7.39,6.31
2026-04-13T07:00:00+03:00,07:00,250.0,5.62,4.8
2026-04-13T08:00:00+03:00,08:00,453.84,10.2,8.72
2026-04-13T09:00:00+03:00,09:00,225.01,5.05,4.32
2026-04-13T10:00:00+03:00,10:00,171.01,3.84,3.28
2026-04-13T11:00:00+03:00,11:00,171.02,3.84,3.28
2026-04-13T12:00:00+03:00,12:00,0.0,0.0,0.0
2026-04-13T13:00:00+03:00,13:00,50.01,1.12,0.96
2026-04-13T14:00:00+03:00,14:00,170.0,3.82,3.26
2026-04-13T15:00:00+03:00,15:00,167.36,3.76,3.21
2026-04-13T16:00:00+03:00,16:00,199.0,4.47,3.82
2026-04-13T17:00:00+03:00,17:00,999.99,22.46,19.2
2026-04-13T18:00:00+03:00,18:00,3495.0,78.51,67.12
2026-04-13T19:00:00+03:00,19:00,4500.0,101.09,86.41
2026-04-13T20:00:00+03:00,20:00,4500.0,101.09,86.41
2026-04-13T21:00:00+03:00,21:00,4500.0,101.09,86.41
2026-04-13T22:00:00+03:00,22:00,3639.18,81.75,69.88
2026-04-13T23:00:00+03:00,23:00,3023.6,67.92,58.06
2026-04-14T00:00:00+03:00,00:00,2997.99,67.35,57.57
2026-04-14T01:00:00+03:00,01:00,1400.0,31.45,26.88
2026-04-14T02:00:00+03:00,02:00,1150.01,25.83,22.08
2026-04-14T03:00:00+03:00,03:00,1500.0,33.7,28.8
2026-04-14T04:00:00+03:00,04:00,1200.0,26.96,23.04
2026-04-14T05:00:00+03:00,05:00,1550.0,34.82,29.77
2026-04-14T06:00:00+03:00,06:00,1550.0,34.82,29.77
2026-04-14T07:00:00+03:00,07:00,800.0,17.97,15.36
2026-04-14T08:00:00+03:00,08:00,850.0,19.09,16.32
2026-04-14T09:00:00+03:00,09:00,300.0,6.74,5.76
2026-04-14T10:00:00+03:00,10:00,200.01,4.49,3.84
2026-04-14T11:00:00+03:00,11:00,200.0,4.49,3.84
2026-04-14T12:00:00+03:00,12:00,149.99,3.37,2.88
2026-04-14T13:00:00+03:00,13:00,170.99,3.84,3.28
2026-04-14T14:00:00+03:00,14:00,255.99,5.75,4.92
2026-04-14T15:00:00+03:00,15:00,236.99,5.32,4.55
2026-04-14T16:00:00+03:00,16:00,500.0,11.23,9.6
2026-04-14T17:00:00+03:00,17:00,2900.01,65.15,55.69
2026-04-14T18:00:00+03:00,18:00,2081.0,46.75,39.96
2026-04-14T19:00:00+03:00,19:00,4499.98,101.09,86.41
2026-04-14T20:00:00+03:00,20:00,4500.0,101.09,86.41
2026-04-14T21:00:00+03:00,21:00,4389.99,98.62,84.3
2026-04-14T22:00:00+03:00,22:00,3250.0,73.01,62.41
2026-04-14T23:00:00+03:00,23:00,3234.39,72.66,62.11
2026-04-15T00:00:00+03:00,00:00,2099.99,47.05,40.25
2026-04-15T01:00:00+03:00,01:00,1898.01,42.52,36.38
2026-04-15T02:00:00+03:00,02:00,1499.99,33.61,28.75
2026-04-15T03:00:00+03:00,03:00,1500.0,33.61,28.75
2026-04-15T04:00:00+03:00,04:00,1295.01,29.01,24.82
2026-04-15T05:00:00+03:00,05:00,1500.0,33.61,28.75
2026-04-15T06:00:00+03:00,06:00,1450.0,32.49,27.79
2026-04-15T07:00:00+03:00,07:00,999.99,22.4,19.17
2026-04-15T08:00:00+03:00,08:00,2499.0,55.99,47.9
2026-04-15T09:00:00+03:00,09:00,1450.01,32.49,27.79
2026-04-15T10:00:00+03:00,10:00,880.0,19.72,16.87
2026-04-15T11:00:00+03:00,11:00,799.01,17.9,15.31
2026-04-15T12:00:00+03:00,12:00,217.64,4.88,4.17
2026-04-15T13:00:00+03:00,13:00,250.0,5.6,4.79
2026-04-15T14:00:00+03:00,14:00,699.99,15.68,13.42
2026-04-15T15:00:00+03:00,15:00,453.85,10.17,8.7
2026-04-15T16:00:00+03:00,16:00,1226.01,27.47,23.5
2026-04-15T17:00:00+03:00,17:00,2600.0,58.25,49.83
2026-04-15T18:00:00+03:00,18:00,2899.99,64.97,55.58
2026-04-15T19:00:00+03:00,19:00,4500.0,100.82,86.25
2026-04-15T20:00:00+03:00,20:00,4500.0,100.82,86.25
2026-04-15T21:00:00+03:00,21:00,4084.79,91.51,78.29
2026-04-15T22:00:00+03:00,22:00,3250.0,72.81,62.29
2026-04-15T23:00:00+03:00,23:00,1619.98,36.29,31.05
2026-04-16T00:00:00+03:00,00:00,1200.0,26.88,22.8
2026-04-16T01:00:00+03:00,01:00,999.99,22.4,19.0
2026-04-16T02:00:00+03:00,02:00,999.98,22.4,19.0
2026-04-16T03:00:00+03:00,03:00,813.0,18.21,15.45
2026-04-16T04:00:00+03:00,04:00,500.0,11.2,9.5
2026-04-16T05:00:00+03:00,05:00,700.01,15.68,13.3
2026-04-16T06:00:00+03:00,06:00,493.0,11.04,9.37
2026-04-16T07:00:00+03:00,07:00,299.99,6.72,5.7
2026-04-16T08:00:00+03:00,08:00,328.82,7.36,6.25
2026-04-16T09:00:00+03:00,09:00,200.01,4.48,3.8
2026-04-16T10:00:00+03:00,10:00,189.99,4.26,3.61
2026-04-16T11:00:00+03:00,11:00,175.0,3.92,3.33
2026-04-16T12:00:00+03:00,12:00,0.0,0.0,0.0
2026-04-16T13:00:00+03:00,13:00,100.01,2.24,1.9
2026-04-16T14:00:00+03:00,14:00,171.0,3.83,3.25
2026-04-16T15:00:00+03:00,15:00,167.36,3.75,3.18
2026-04-16T16:00:00+03:00,16:00,199.99,4.48,3.8
2026-04-16T17:00:00+03:00,17:00,800.01,17.92,15.2
2026-04-16T18:00:00+03:00,18:00,999.98,22.4,19.0
2026-04-16T19:00:00+03:00,19:00,2570.0,57.56,48.83
2026-04-16T20:00:00+03:00,20:00,2499.99,55.99,47.5
2026-04-16T21:00:00+03:00,21:00,1499.99,33.6,28.5
2026-04-16T22:00:00+03:00,22:00,999.38,22.38,18.99
2026-04-16T23:00:00+03:00,23:00,500.0,11.2,9.5
2026-04-17T00:00:00+03:00,00:00,465.2,10.41,8.84
2026-04-17T01:00:00+03:00,01:00,500.0,11.19,9.5
2026-04-17T02:00:00+03:00,02:00,349.99,7.84,6.65
2026-04-17T03:00:00+03:00,03:00,327.01,7.32,6.21
2026-04-17T04:00:00+03:00,04:00,310.0,6.94,5.89
2026-04-17T05:00:00+03:00,05:00,331.43,7.42,6.3
2026-04-17T06:00:00+03:00,06:00,300.01,6.72,5.7
2026-04-17T07:00:00+03:00,07:00,250.01,5.6,4.75
2026-04-17T08:00:00+03:00,08:00,302.99,6.78,5.76
2026-04-17T09:00:00+03:00,09:00,200.01,4.48,3.8
2026-04-17T10:00:00+03:00,10:00,171.01,3.83,3.25
2026-04-17T11:00:00+03:00,11:00,171.0,3.83,3.25
2026-04-17T12:00:00+03:00,12:00,150.0,3.36,2.85
2026-04-17T13:00:00+03:00,13:00,150.0,3.36,2.85
2026-04-17T14:00:00+03:00,14:00,177.0,3.96,3.36
2026-04-17T15:00:00+03:00,15:00,177.0,3.96,3.36
2026-04-17T16:00:00+03:00,16:00,257.01,5.75,4.88
2026-04-17T17:00:00+03:00,17:00,478.99,10.72,9.1
2026-04-17T18:00:00+03:00,18:00,453.84,10.16,8.62
2026-04-17T19:00:00+03:00,19:00,1200.0,26.86,22.8
2026-04-17T20:00:00+03:00,20:00,1275.0,28.54,24.22
2026-04-17T21:00:00+03:00,21:00,999.99,22.39,19.0
2026-04-17T22:00:00+03:00,22:00,398.47,8.92,7.57
2026-04-17T23:00:00+03:00,23:00,250.0,5.6,4.75
2026-04-19T00:00:00+03:00,00:00,270.01,6.04,5.12
2026-04-19T01:00:00+03:00,01:00,257.01,5.75,4.88
2026-04-19T02:00:00+03:00,02:00,250.0,5.59,4.74
2026-04-19T03:00:00+03:00,03:00,240.01,5.37,4.55
2026-04-19T04:00:00+03:00,04:00,222.99,4.99,4.23
2026-04-19T05:00:00+03:00,05:00,237.0,5.3,4.5
2026-04-19T06:00:00+03:00,06:00,199.01,4.45,3.78
2026-04-19T07:00:00+03:00,07:00,170.0,3.8,3.23
2026-04-19T08:00:00+03:00,08:00,170.0,3.8,3.23
2026-04-19T09:00:00+03:00,09:00,20.0,0.45,0.38
2026-04-19T10:00:00+03:00,10:00,0.0,0.0,0.0
2026-04-19T11:00:00+03:00,11:00,0.0,0.0,0.0
2026-04-19T12:00:00+03:00,12:00,0.0,0.0,0.0
2026-04-19T13:00:00+03:00,13:00,0.0,0.0,0.0
2026-04-19T14:00:00+03:00,14:00,0.0,0.0,0.0
2026-04-19T15:00:00+03:00,15:00,0.0,0.0,0.0
2026-04-19T16:00:00+03:00,16:00,0.0,0.0,0.0
2026-04-19T17:00:00+03:00,17:00,171.0,3.83,3.25
2026-04-19T18:00:00+03:00,18:00,250.01,5.59,4.74
2026-04-19T19:00:00+03:00,19:00,1200.0,26.85,22.77
2026-04-19T20:00:00+03:00,20:00,1952.01,43.67,37.04
2026-04-19T21:00:00+03:00,21:00,1414.68,31.65,26.85
2026-04-19T22:00:00+03:00,22:00,999.99,22.37,18.98
2026-04-19T23:00:00+03:00,23:00,482.85,10.8,9.16
2026-04-20T00:00:00+03:00,00:00,303.81,6.8,5.77
2026-04-20T01:00:00+03:00,01:00,300.01,6.71,5.69
2026-04-20T02:00:00+03:00,02:00,256.0,5.73,4.86
2026-04-20T03:00:00+03:00,03:00,267.0,5.97,5.07
2026-04-20T04:00:00+03:00,04:00,270.0,6.04,5.12
2026-04-20T05:00:00+03:00,05:00,311.0,6.96,5.9
2026-04-20T06:00:00+03:00,06:00,330.0,7.38,6.26
2026-04-20T07:00:00+03:00,07:00,300.01,6.71,5.69
2026-04-20T08:00:00+03:00,08:00,749.99,16.78,14.23
2026-04-20T09:00:00+03:00,09:00,453.84,10.15,8.61
2026-04-20T10:00:00+03:00,10:00,235.0,5.26,4.46
2026-04-20T11:00:00+03:00,11:00,199.99,4.47,3.8
2026-04-20T12:00:00+03:00,12:00,149.99,3.36,2.85
2026-04-20T13:00:00+03:00,13:00,167.34,3.74,3.18
2026-04-20T14:00:00+03:00,14:00,171.01,3.83,3.25
2026-04-20T15:00:00+03:00,15:00,171.0,3.83,3.25
2026-04-20T16:00:00+03:00,16:00,250.0,5.59,4.74
2026-04-20T17:00:00+03:00,17:00,850.0,19.02,16.13
2026-04-20T18:00:00+03:00,18:00,3100.01,69.35,58.83
2026-04-20T19:00:00+03:00,19:00,4500.0,100.67,85.4
2026-04-20T20:00:00+03:00,20:00,4500.0,100.67,85.4
2026-04-20T21:00:00+03:00,21:00,4211.3,94.21,79.92
2026-04-20T22:00:00+03:00,22:00,3323.7,74.36,63.07
2026-04-20T23:00:00+03:00,23:00,1727.09,38.64,32.78
