date,time,consumption
2026-03-14T00:00:00+03:00,00:00,39169.39
2026-03-14T01:00:00+03:00,01:00,37327.54
2026-03-14T02:00:00+03:00,02:00,35790.22
2026-03-14T03:00:00+03:00,03:00,35253.48
2026-03-14T04:00:00+03:00,04:00,35784.33
2026-03-14T05:00:00+03:00,05:00,36005.13
2026-03-14T06:00:00+03:00,06:00,35343.86
2026-03-14T07:00:00+03:00,07:00,35280.34
2026-03-14T08:00:00+03:00,08:00,39127.47
2026-03-14T09:00:00+03:00,09:00,41482.14
2026-03-14T10:00:00+03:00,10:00,42554.82
2026-03-14T11:00:00+03:00,11:00,43507.75
2026-03-14T12:00:00+03:00,12:00,42947.27
2026-03-14T13:00:00+03:00,13:00,43212.04
2026-03-14T14:00:00+03:00,14:00,43014.03
2026-03-14T15:00:00+03:00,15:00,42338.06
2026-03-14T16:00:00+03:00,16:00,42010.18
2026-03-14T17:00:00+03:00,17:00,42932.27
2026-03-14T18:00:00+03:00,18:00,44135.95
2026-03-14T19:00:00+03:00,19:00,43333.02
2026-03-14T20:00:00+03:00,20:00,44487.62
2026-03-14T21:00:00+03:00,21:00,42750.64
2026-03-14T22:00:00+03:00,22:00,41192.93
2026-03-14T23:00:00+03:00,23:00,39621.96
2026-03-15T00:00:00+03:00,00:00,37586.47
2026-03-15T01:00:00+03:00,01:00,35896.06
2026-03-15T02:00:00+03:00,02:00,34399.96
2026-03-15T03:00:00+03:00,03:00,33550.8
2026-03-15T04:00:00+03:00,04:00,34096.65
2026-03-15T05:00:00+03:00,05:00,33980.17
2026-03-15T06:00:00+03:00,06:00,32590.26
2026-03-15T07:00:00+03:00,07:00,31039.04
2026-03-15T08:00:00+03:00,08:00,31947.56
2026-03-15T09:00:00+03:00,09:00,33272.56
2026-03-15T10:00:00+03:00,10:00,34934.51
2026-03-15T11:00:00+03:00,11:00,36368.25
2026-03-15T12:00:00+03:00,12:00,36958.97
2026-03-15T13:00:00+03:00,13:00,37691.7
2026-03-15T14:00:00+03:00,14:00,37463.04
2026-03-15T15:00:00+03:00,15:00,37266.69
2026-03-15T16:00:00+03:00,16:00,37648.13
2026-03-15T17:00:00+03:00,17:00,39065.51
2026-03-15T18:00:00+03:00,18:00,40875.28
2026-03-15T19:00:00+03:00,19:00,40563.69
2026-03-15T20:00:00+03:00,20:00,41293.12
2026-03-15T21:00:00+03:00,21:00,39569.56
2026-03-15T22:00:00+03:00,22:00,38637.88
2026-03-15T23:00:00+03:00,23:00,37735.26
2026-03-16T00:00:00+03:00,00:00,36327.29
2026-03-16T01:00:00+03:00,01:00,34626.84
2026-03-16T02:00:00+03:00,02:00,33124.11
2026-03-16T03:00:00+03:00,03:00,32766.06
2026-03-16T04:00:00+03:00,04:00,33683.11
2026-03-16T05:00:00+03:00,05:00,34173.71
2026-03-16T06:00:00+03:00,06:00,33834.8
2026-03-16T07:00:00+03:00,07:00,35135.23
2026-03-16T08:00:00+03:00,08:00,41706.7
2026-03-16T09:00:00+03:00,09:00,44481.55
2026-03-16T10:00:00+03:00,10:00,44978.01
2026-03-16T11:00:00+03:00,11:00,45327.12
2026-03-16T12:00:00+03:00,12:00,44177.5
2026-03-16T13:00:00+03:00,13:00,44146.84
2026-03-16T14:00:00+03:00,14:00,43688.09
2026-03-16T15:00:00+03:00,15:00,42524.35
2026-03-16T16:00:00+03:00,16:00,42261.89
2026-03-16T17:00:00+03:00,17:00,41979.63
2026-03-16T18:00:00+03:00,18:00,43715.66
2026-03-16T19:00:00+03:00,19:00,43772.37
2026-03-16T20:00:00+03:00,20:00,44834.68
2026-03-16T21:00:00+03:00,21:00,43261.34
2026-03-16T22:00:00+03:00,22:00,41827.76
2026-03-16T23:00:00+03:00,23:00,40623.5
2026-03-17T00:00:00+03:00,00:00,38908.36
2026-03-17T01:00:00+03:00,01:00,37109.98
2026-03-17T02:00:00+03:00,02:00,35730.98
2026-03-17T03:00:00+03:00,03:00,35056.08
2026-03-17T04:00:00+03:00,04:00,35504.57
2026-03-17T05:00:00+03:00,05:00,35695.53
2026-03-17T06:00:00+03:00,06:00,35644.45
2026-03-17T07:00:00+03:00,07:00,36975.7
2026-03-17T08:00:00+03:00,08:00,42254.13
2026-03-17T09:00:00+03:00,09:00,43804.88
2026-03-17T10:00:00+03:00,10:00,44041.07
2026-03-17T11:00:00+03:00,11:00,44435.05
2026-03-17T12:00:00+03:00,12:00,43056.5
2026-03-17T13:00:00+03:00,13:00,42792.68
2026-03-17T14:00:00+03:00,14:00,42566.6
2026-03-17T15:00:00+03:00,15:00,41850.84
2026-03-17T16:00:00+03:00,16:00,41139.49
2026-03-17T17:00:00+03:00,17:00,41538.03
2026-03-17T18:00:00+03:00,18:00,43866.4
2026-03-17T19:00:00+03:00,19:00,43465.87
2026-03-17T20:00:00+03:00,20:00,44750.2
2026-03-17T21:00:00+03:00,21:00,43022.88
2026-03-17T22:00:00+03:00,22:00,41926.15
2026-03-17T23:00:00+03:00,23:00,40144.94
2026-03-18T00:00:00+03:00,00:00,38611.63
2026-03-18T01:00:00+03:00,01:00,36429.76
2026-03-18T02:00:00+03:00,02:00,34997.75
2026-03-18T03:00:00+03:00,03:00,34462.02
2026-03-18T04:00:00+03:00,04:00,34859.26
2026-03-18T05:00:00+03:00,05:00,35000.2
2026-03-18T06:00:00+03:00,06:00,34751.8
2026-03-18T07:00:00+03:00,07:00,35668.97
2026-03-18T08:00:00+03:00,08:00,40657.47
2026-03-18T09:00:00+03:00,09:00,42973.43
2026-03-18T10:00:00+03:00,10:00,43138.07
2026-03-18T11:00:00+03:00,11:00,43581.97
2026-03-18T12:00:00+03:00,12:00,42610.96
2026-03-18T13:00:00+03:00,13:00,42698.51
2026-03-18T14:00:00+03:00,14:00,42589.62
2026-03-18T15:00:00+03:00,15:00,41736.42
2026-03-18T16:00:00+03:00,16:00,41314.87
2026-03-18T17:00:00+03:00,17:00,41513.53
2026-03-18T18:00:00+03:00,18:00,42982.41
2026-03-18T19:00:00+03:00,19:00,42211.8
2026-03-18T20:00:00+03:00,20:00,43019.55
2026-03-18T21:00:00+03:00,21:00,41386.54
2026-03-18T22:00:00+03:00,22:00,39933.09
2026-03-18T23:00:00+03:00,23:00,38034.63
2026-03-19T00:00:00+03:00,00:00,36426.3
2026-03-19T01:00:00+03:00,01:00,34343.43
2026-03-19T02:00:00+03:00,02:00,32459.34
2026-03-19T03:00:00+03:00,03:00,31631.09
2026-03-19T04:00:00+03:00,04:00,31838.74
2026-03-19T05:00:00+03:00,05:00,31536.32
2026-03-19T06:00:00+03:00,06:00,30058.37
2026-03-19T07:00:00+03:00,07:00,28725.9
2026-03-19T08:00:00+03:00,08:00,30357.63
2026-03-19T09:00:00+03:00,09:00,32458.26
2026-03-19T10:00:00+03:00,10:00,34449.8
2026-03-19T11:00:00+03:00,11:00,35338.15
2026-03-19T12:00:00+03:00,12:00,35252.31
2026-03-19T13:00:00+03:00,13:00,34493.35
2026-03-19T14:00:00+03:00,14:00,34137.43
2026-03-19T15:00:00+03:00,15:00,34392.6
2026-03-19T16:00:00+03:00,16:00,34920.76
2026-03-19T17:00:00+03:00,17:00,36395.18
2026-03-19T18:00:00+03:00,18:00,37923.64
2026-03-19T19:00:00+03:00,19:00,37598.35
2026-03-19T20:00:00+03:00,20:00,38611.06
2026-03-19T21:00:00+03:00,21:00,37448.35
2026-03-19T22:00:00+03:00,22:00,36210.41
2026-03-19T23:00:00+03:00,23:00,34881.67
2026-03-20T00:00:00+03:00,00:00,32933.78
2026-03-20T01:00:00+03:00,01:00,30214.41
2026-03-20T02:00:00+03:00,02:00,28004.99
2026-03-20T03:00:00+03:00,03:00,26613.98
2026-03-20T04:00:00+03:00,04:00,25854.18
2026-03-20T05:00:00+03:00,05:00,26103.03
2026-03-20T06:00:00+03:00,06:00,27462.81
2026-03-20T07:00:00+03:00,07:00,28032.98
2026-03-20T08:00:00+03:00,08:00,29106.29
2026-03-20T09:00:00+03:00,09:00,30054.12
2026-03-20T10:00:00+03:00,10:00,30203.13
2026-03-20T11:00:00+03:00,11:00,29915.06
2026-03-20T12:00:00+03:00,12:00,29790.03
2026-03-20T13:00:00+03:00,13:00,29296.69
2026-03-20T14:00:00+03:00,14:00,27922.43
2026-03-20T15:00:00+03:00,15:00,27743.46
2026-03-20T16:00:00+03:00,16:00,27969.48
2026-03-20T17:00:00+03:00,17:00,28945.99
2026-03-20T18:00:00+03:00,18:00,30712.84
2026-03-20T19:00:00+03:00,19:00,32896.35
2026-03-20T20:00:00+03:00,20:00,32749.74
2026-03-20T21:00:00+03:00,21:00,32183.67
2026-03-20T22:00:00+03:00,22:00,31595.1
2026-03-20T23:00:00+03:00,23:00,31106.11
2026-03-21T00:00:00+03:00,00:00,29830.31
2026-03-21T01:00:00+03:00,01:00,28011.61
2026-03-21T02:00:00+03:00,02:00,26649.95
2026-03-21T03:00:00+03:00,03:00,25708.73
2026-03-21T04:00:00+03:00,04:00,25351.41
2026-03-21T05:00:00+03:00,05:00,25511.04
2026-03-21T06:00:00+03:00,06:00,25601.47
2026-03-21T07:00:00+03:00,07:00,25315.22
2026-03-21T08:00:00+03:00,08:00,26263.31
2026-03-21T09:00:00+03:00,09:00,28222.32
2026-03-21T10:00:00+03:00,10:00,29987.65
2026-03-21T11:00:00+03:00,11:00,31114.71
2026-03-21T12:00:00+03:00,12:00,31824.93
2026-03-21T13:00:00+03:00,13:00,31449.62
2026-03-21T14:00:00+03:00,14:00,30457.02
2026-03-21T15:00:00+03:00,15:00,29608.21
2026-03-21T16:00:00+03:00,16:00,29663.65
2026-03-21T17:00:00+03:00,17:00,31092.68
2026-03-21T18:00:00+03:00,18:00,32698.22
2026-03-21T19:00:00+03:00,19:00,34769.75
2026-03-21T20:00:00+03:00,20:00,34502.36
2026-03-21T21:00:00+03:00,21:00,33598.07
2026-03-21T22:00:00+03:00,22:00,32767.97
2026-03-21T23:00:00+03:00,23:00,32010.29
2026-03-22T00:00:00+03:00,00:00,30805.15
2026-03-22T01:00:00+03:00,01:00,28962.33
2026-03-22T02:00:00+03:00,02:00,27325.33
2026-03-22T03:00:00+03:00,03:00,26176.61
2026-03-22T04:00:00+03:00,04:00,25647.38
2026-03-22T05:00:00+03:00,05:00,25683.71
2026-03-22T06:00:00+03:00,06:00,25905.15
2026-03-22T07:00:00+03:00,07:00,25937.08
2026-03-22T08:00:00+03:00,08:00,27027.06
2026-03-22T09:00:00+03:00,09:00,28641.03
2026-03-22T10:00:00+03:00,10:00,30366.34
2026-03-22T11:00:00+03:00,11:00,31829.52
2026-03-22T12:00:00+03:00,12:00,32379.94
2026-03-22T13:00:00+03:00,13:00,32359.57
2026-03-22T14:00:00+03:00,14:00,31998.33
2026-03-22T15:00:00+03:00,15:00,30639.44
2026-03-22T16:00:00+03:00,16:00,30693.87
2026-03-22T17:00:00+03:00,17:00,31903.03
2026-03-22T18:00:00+03:00,18:00,33949.73
2026-03-22T19:00:00+03:00,19:00,36501.71
2026-03-22T20:00:00+03:00,20:00,36535.62
2026-03-22T21:00:00+03:00,21:00,35713.52
2026-03-22T22:00:00+03:00,22:00,34688.58
2026-03-22T23:00:00+03:00,23:00,33180.69
2026-03-23T00:00:00+03:00,00:00,32050.4
2026-03-23T01:00:00+03:00,01:00,30229.31
2026-03-23T02:00:00+03:00,02:00,29019.05
2026-03-23T03:00:00+03:00,03:00,28403.55
2026-03-23T04:00:00+03:00,04:00,28389.1
2026-03-23T05:00:00+03:00,05:00,29013.86
2026-03-23T06:00:00+03:00,06:00,30530.57
2026-03-23T07:00:00+03:00,07:00,33656.87
2026-03-23T08:00:00+03:00,08:00,42385.18
2026-03-23T09:00:00+03:00,09:00,46406.05
2026-03-23T10:00:00+03:00,10:00,47220.85
2026-03-23T11:00:00+03:00,11:00,47360.14
2026-03-23T12:00:00+03:00,12:00,46149.76
2026-03-23T13:00:00+03:00,13:00,45516.64
2026-03-23T14:00:00+03:00,14:00,46171.63
2026-03-23T15:00:00+03:00,15:00,45598.51
2026-03-23T16:00:00+03:00,16:00,45375.93
2026-03-23T17:00:00+03:00,17:00,45200.07
2026-03-23T18:00:00+03:00,18:00,44754.76
2026-03-23T19:00:00+03:00,19:00,45754.84
2026-03-23T20:00:00+03:00,20:00,45121.29
2026-03-23T21:00:00+03:00,21:00,43692.35
2026-03-23T22:00:00+03:00,22:00,42138.4
2026-03-23T23:00:00+03:00,23:00,40203.6
2026-03-24T00:00:00+03:00,00:00,37760.04
2026-03-24T01:00:00+03:00,01:00,35753.3
2026-03-24T02:00:00+03:00,02:00,34131.43
2026-03-24T03:00:00+03:00,03:00,33218.04
2026-03-24T04:00:00+03:00,04:00,32990.75
2026-03-24T05:00:00+03:00,05:00,33458.46
2026-03-24T06:00:00+03:00,06:00,34619.17
2026-03-24T07:00:00+03:00,07:00,37136.52
2026-03-24T08:00:00+03:00,08:00,44589.32
2026-03-24T09:00:00+03:00,09:00,47655.76
2026-03-24T10:00:00+03:00,10:00,47944.89
2026-03-24T11:00:00+03:00,11:00,48745.52
2026-03-24T12:00:00+03:00,12:00,46476.57
2026-03-24T13:00:00+03:00,13:00,45707.4
2026-03-24T14:00:00+03:00,14:00,45602.93
2026-03-24T15:00:00+03:00,15:00,45439.43
2026-03-24T16:00:00+03:00,16:00,44936.98
2026-03-24T17:00:00+03:00,17:00,45000.16
2026-03-24T18:00:00+03:00,18:00,44816.41
2026-03-24T19:00:00+03:00,19:00,46192.58
2026-03-24T20:00:00+03:00,20:00,45460.28
2026-03-24T21:00:00+03:00,21:00,43912.51
2026-03-24T22:00:00+03:00,22:00,42226.66
2026-03-24T23:00:00+03:00,23:00,40157.98
2026-03-25T00:00:00+03:00,00:00,37781.2
2026-03-25T01:00:00+03:00,01:00,35350.8
2026-03-25T02:00:00+03:00,02:00,33978.26
2026-03-25T03:00:00+03:00,03:00,32949.3
2026-03-25T04:00:00+03:00,04:00,32846.46
2026-03-25T05:00:00+03:00,05:00,33516.74
2026-03-25T06:00:00+03:00,06:00,34764.07
2026-03-25T07:00:00+03:00,07:00,37312.33
2026-03-25T08:00:00+03:00,08:00,43881.01
2026-03-25T09:00:00+03:00,09:00,46388.36
2026-03-25T10:00:00+03:00,10:00,46166.65
2026-03-25T11:00:00+03:00,11:00,46459.52
2026-03-25T12:00:00+03:00,12:00,44453.85
2026-03-25T13:00:00+03:00,13:00,45013.07
2026-03-25T14:00:00+03:00,14:00,44779.97
2026-03-25T15:00:00+03:00,15:00,43677.51
2026-03-25T16:00:00+03:00,16:00,44029.08
2026-03-25T17:00:00+03:00,17:00,44599.31
2026-03-25T18:00:00+03:00,18:00,44448.42
2026-03-25T19:00:00+03:00,19:00,45885.29
2026-03-25T20:00:00+03:00,20:00,45340.98
2026-03-25T21:00:00+03:00,21:00,44138.28
2026-03-25T22:00:00+03:00,22:00,42494.75
2026-03-25T23:00:00+03:00,23:00,40433.47
2026-03-26T00:00:00+03:00,00:00,38367.28
2026-03-26T01:00:00+03:00,01:00,36229.07
2026-03-26T02:00:00+03:00,02:00,34785.1
2026-03-26T03:00:00+03:00,03:00,33854.8
2026-03-26T04:00:00+03:00,04:00,33770.16
2026-03-26T05:00:00+03:00,05:00,34202.96
2026-03-26T06:00:00+03:00,06:00,35286.09
2026-03-26T07:00:00+03:00,07:00,37958.4
2026-03-26T08:00:00+03:00,08:00,44359.66
2026-03-26T09:00:00+03:00,09:00,47078.54
2026-03-26T10:00:00+03:00,10:00,46835.92
2026-03-26T11:00:00+03:00,11:00,46420.43
2026-03-26T12:00:00+03:00,12:00,44269.15
2026-03-26T13:00:00+03:00,13:00,44468.53
2026-03-26T14:00:00+03:00,14:00,44124.0
2026-03-26T15:00:00+03:00,15:00,42631.25
2026-03-26T16:00:00+03:00,16:00,42615.21
2026-03-26T17:00:00+03:00,17:00,42655.43
2026-03-26T18:00:00+03:00,18:00,43056.86
2026-03-26T19:00:00+03:00,19:00,45212.05
2026-03-26T20:00:00+03:00,20:00,45247.12
2026-03-26T21:00:00+03:00,21:00,43844.18
2026-03-26T22:00:00+03:00,22:00,42207.92
2026-03-26T23:00:00+03:00,23:00,40017.4
2026-03-27T00:00:00+03:00,00:00,38263.67
2026-03-27T01:00:00+03:00,01:00,36276.15
2026-03-27T02:00:00+03:00,02:00,34909.69
2026-03-27T03:00:00+03:00,03:00,33809.04
2026-03-27T04:00:00+03:00,04:00,33658.25
2026-03-27T05:00:00+03:00,05:00,34422.34
2026-03-27T06:00:00+03:00,06:00,35613.03
2026-03-27T07:00:00+03:00,07:00,38022.47
2026-03-27T08:00:00+03:00,08:00,43721.36
2026-03-27T09:00:00+03:00,09:00,45197.2
2026-03-27T10:00:00+03:00,10:00,44159.32
2026-03-27T11:00:00+03:00,11:00,43944.3
2026-03-27T12:00:00+03:00,12:00,42302.83
2026-03-27T13:00:00+03:00,13:00,40591.11
2026-03-27T14:00:00+03:00,14:00,41250.94
2026-03-27T15:00:00+03:00,15:00,40788.64
2026-03-27T16:00:00+03:00,16:00,40764.46
2026-03-27T17:00:00+03:00,17:00,41948.7
2026-03-27T18:00:00+03:00,18:00,42422.35
2026-03-27T19:00:00+03:00,19:00,44330.5
2026-03-27T20:00:00+03:00,20:00,44170.27
2026-03-27T21:00:00+03:00,21:00,42547.64
2026-03-27T22:00:00+03:00,22:00,40588.85
2026-03-27T23:00:00+03:00,23:00,39155.98
2026-03-28T00:00:00+03:00,00:00,37197.53
2026-03-28T01:00:00+03:00,01:00,35295.99
2026-03-28T02:00:00+03:00,02:00,33850.87
2026-03-28T03:00:00+03:00,03:00,32949.06
2026-03-28T04:00:00+03:00,04:00,32554.62
2026-03-28T05:00:00+03:00,05:00,32805.84
2026-03-28T06:00:00+03:00,06:00,33617.58
2026-03-28T07:00:00+03:00,07:00,34521.66
2026-03-28T08:00:00+03:00,08:00,38362.07
2026-03-28T09:00:00+03:00,09:00,40380.42
2026-03-28T10:00:00+03:00,10:00,41714.5
2026-03-28T11:00:00+03:00,11:00,42806.48
2026-03-28T12:00:00+03:00,12:00,42283.09
2026-03-28T13:00:00+03:00,13:00,41910.67
2026-03-28T14:00:00+03:00,14:00,41296.06
2026-03-28T15:00:00+03:00,15:00,39861.33
2026-03-28T16:00:00+03:00,16:00,39978.18
2026-03-28T17:00:00+03:00,17:00,40892.24
2026-03-28T18:00:00+03:00,18:00,42132.07
2026-03-28T19:00:00+03:00,19:00,43582.49
2026-03-28T20:00:00+03:00,20:00,43138.09
2026-03-28T21:00:00+03:00,21:00,41660.82
2026-03-28T22:00:00+03:00,22:00,39834.68
2026-03-28T23:00:00+03:00,23:00,38085.7
2026-03-29T00:00:00+03:00,00:00,36353.56
2026-03-29T01:00:00+03:00,01:00,34316.72
2026-03-29T02:00:00+03:00,02:00,32811.47
2026-03-29T03:00:00+03:00,03:00,31751.46
2026-03-29T04:00:00+03:00,04:00,31158.03
2026-03-29T05:00:00+03:00,05:00,31204.8
2026-03-29T06:00:00+03:00,06:00,31117.88
2026-03-29T07:00:00+03:00,07:00,30481.62
2026-03-29T08:00:00+03:00,08:00,31667.85
2026-03-29T09:00:00+03:00,09:00,33696.87
2026-03-29T10:00:00+03:00,10:00,35927.01
2026-03-29T11:00:00+03:00,11:00,37552.05
2026-03-29T12:00:00+03:00,12:00,37609.24
2026-03-29T13:00:00+03:00,13:00,38079.58
2026-03-29T14:00:00+03:00,14:00,37710.67
2026-03-29T15:00:00+03:00,15:00,37002.25
2026-03-29T16:00:00+03:00,16:00,36804.31
2026-03-29T17:00:00+03:00,17:00,37221.89
2026-03-29T18:00:00+03:00,18:00,38388.55
2026-03-29T19:00:00+03:00,19:00,40715.13
2026-03-29T20:00:00+03:00,20:00,40710.13
2026-03-29T21:00:00+03:00,21:00,39470.95
2026-03-29T22:00:00+03:00,22:00,38048.04
2026-03-29T23:00:00+03:00,23:00,36550.22
2026-03-30T00:00:00+03:00,00:00,34664.43
2026-03-30T01:00:00+03:00,01:00,32875.13
2026-03-30T02:00:00+03:00,02:00,31455.77
2026-03-30T03:00:00+03:00,03:00,30639.49
2026-03-30T04:00:00+03:00,04:00,30479.89
2026-03-30T05:00:00+03:00,05:00,31082.19
2026-03-30T06:00:00+03:00,06:00,32431.15
2026-03-30T07:00:00+03:00,07:00,35447.97
2026-03-30T08:00:00+03:00,08:00,42756.97
2026-03-30T09:00:00+03:00,09:00,46013.87
2026-03-30T10:00:00+03:00,10:00,47098.35
2026-03-30T11:00:00+03:00,11:00,47841.3
2026-03-30T12:00:00+03:00,12:00,45800.34
2026-03-30T13:00:00+03:00,13:00,45843.27
2026-03-30T14:00:00+03:00,14:00,46326.22
2026-03-30T15:00:00+03:00,15:00,46054.78
2026-03-30T16:00:00+03:00,16:00,46189.77
2026-03-30T17:00:00+03:00,17:00,45564.37
2026-03-30T18:00:00+03:00,18:00,44483.04
2026-03-30T19:00:00+03:00,19:00,45551.28
2026-03-30T20:00:00+03:00,20:00,45546.85
2026-03-30T21:00:00+03:00,21:00,43936.35
2026-03-30T22:00:00+03:00,22:00,42082.85
2026-03-30T23:00:00+03:00,23:00,40007.88
2026-03-31T00:00:00+03:00,00:00,37844.88
2026-03-31T01:00:00+03:00,01:00,35451.26
2026-03-31T02:00:00+03:00,02:00,34008.64
2026-03-31T03:00:00+03:00,03:00,33603.32
2026-03-31T04:00:00+03:00,04:00,33287.73
2026-03-31T05:00:00+03:00,05:00,34000.5
2026-03-31T06:00:00+03:00,06:00,35320.19
2026-03-31T07:00:00+03:00,07:00,38126.41
2026-03-31T08:00:00+03:00,08:00,43644.46
2026-03-31T09:00:00+03:00,09:00,44870.96
2026-03-31T10:00:00+03:00,10:00,44877.33
2026-03-31T11:00:00+03:00,11:00,45385.62
2026-03-31T12:00:00+03:00,12:00,42776.16
2026-03-31T13:00:00+03:00,13:00,42940.17
2026-03-31T14:00:00+03:00,14:00,43453.57
2026-03-31T15:00:00+03:00,15:00,42734.27
2026-03-31T16:00:00+03:00,16:00,43124.78
2026-03-31T17:00:00+03:00,17:00,43001.24
2026-03-31T18:00:00+03:00,18:00,42635.57
2026-03-31T19:00:00+03:00,19:00,44471.84
2026-03-31T20:00:00+03:00,20:00,44512.5
2026-03-31T21:00:00+03:00,21:00,43188.77
2026-03-31T22:00:00+03:00,22:00,41555.68
2026-03-31T23:00:00+03:00,23:00,39659.37
2026-04-01T00:00:00+03:00,00:00,37473.13
2026-04-01T01:00:00+03:00,01:00,35547.52
2026-04-01T02:00:00+03:00,02:00,34246.32
2026-04-01T03:00:00+03:00,03:00,33302.95
2026-04-01T04:00:00+03:00,04:00,33171.21
2026-04-01T05:00:00+03:00,05:00,33925.78
2026-04-01T06:00:00+03:00,06:00,35276.62
2026-04-01T07:00:00+03:00,07:00,37921.86
2026-04-01T08:00:00+03:00,08:00,42834.75
2026-04-01T09:00:00+03:00,09:00,43786.55
2026-04-01T10:00:00+03:00,10:00,43230.34
2026-04-01T11:00:00+03:00,11:00,43111.9
2026-04-01T12:00:00+03:00,12:00,41567.21
2026-04-01T13:00:00+03:00,13:00,42210.14
2026-04-01T14:00:00+03:00,14:00,42993.38
2026-04-01T15:00:00+03:00,15:00,42898.99
2026-04-01T16:00:00+03:00,16:00,43393.8
2026-04-01T17:00:00+03:00,17:00,43888.1
2026-04-01T18:00:00+03:00,18:00,43423.11
2026-04-01T19:00:00+03:00,19:00,44533.43
2026-04-01T20:00:00+03:00,20:00,44225.09
2026-04-01T21:00:00+03:00,21:00,42674.68
2026-04-01T22:00:00+03:00,22:00,41053.26
2026-04-01T23:00:00+03:00,23:00,39177.95
2026-04-02T00:00:00+03:00,00:00,36964.31
2026-04-02T01:00:00+03:00,01:00,35056.25
2026-04-02T02:00:00+03:00,02:00,33707.74
2026-04-02T03:00:00+03:00,03:00,32725.9
2026-04-02T04:00:00+03:00,04:00,32419.3
2026-04-02T05:00:00+03:00,05:00,32785.52
2026-04-02T06:00:00+03:00,06:00,33556.17
2026-04-02T07:00:00+03:00,07:00,36121.59
2026-04-02T08:00:00+03:00,08:00,42856.25
2026-04-02T09:00:00+03:00,09:00,45640.63
2026-04-02T10:00:00+03:00,10:00,46411.74
2026-04-02T11:00:00+03:00,11:00,47249.75
2026-04-02T12:00:00+03:00,12:00,45731.16
2026-04-02T13:00:00+03:00,13:00,46023.42
2026-04-02T14:00:00+03:00,14:00,45513.1
2026-04-02T15:00:00+03:00,15:00,44311.62
2026-04-02T16:00:00+03:00,16:00,43793.54
2026-04-02T17:00:00+03:00,17:00,43314.37
2026-04-02T18:00:00+03:00,18:00,43093.69
2026-04-02T19:00:00+03:00,19:00,44646.7
2026-04-02T20:00:00+03:00,20:00,44579.9
2026-04-02T21:00:00+03:00,21:00,43287.98
2026-04-02T22:00:00+03:00,22:00,41510.95
2026-04-02T23:00:00+03:00,23:00,39477.69
2026-04-03T00:00:00+03:00,00:00,37488.34
2026-04-03T01:00:00+03:00,01:00,35506.18
2026-04-03T02:00:00+03:00,02:00,33992.46
2026-04-03T03:00:00+03:00,03:00,32919.33
2026-04-03T04:00:00+03:00,04:00,32725.25
2026-04-03T05:00:00+03:00,05:00,33284.43
2026-04-03T06:00:00+03:00,06:00,34259.71
2026-04-03T07:00:00+03:00,07:00,36824.39
2026-04-03T08:00:00+03:00,08:00,43439.23
2026-04-03T09:00:00+03:00,09:00,45986.8
2026-04-03T10:00:00+03:00,10:00,45970.64
2026-04-03T11:00:00+03:00,11:00,47399.35
2026-04-03T12:00:00+03:00,12:00,45583.61
2026-04-03T13:00:00+03:00,13:00,44142.71
2026-04-03T14:00:00+03:00,14:00,45326.66
2026-04-03T15:00:00+03:00,15:00,44463.35
2026-04-03T16:00:00+03:00,16:00,44047.05
2026-04-03T17:00:00+03:00,17:00,43699.56
2026-04-03T18:00:00+03:00,18:00,43002.95
2026-04-03T19:00:00+03:00,19:00,44416.97
2026-04-03T20:00:00+03:00,20:00,44119.7
2026-04-03T21:00:00+03:00,21:00,42510.17
2026-04-03T22:00:00+03:00,22:00,40810.47
2026-04-03T23:00:00+03:00,23:00,39222.7
2026-04-04T00:00:00+03:00,00:00,37410.45
2026-04-04T01:00:00+03:00,01:00,35614.35
2026-04-04T02:00:00+03:00,02:00,34065.99
2026-04-04T03:00:00+03:00,03:00,33053.24
2026-04-04T04:00:00+03:00,04:00,32623.4
2026-04-04T05:00:00+03:00,05:00,33080.83
2026-04-04T06:00:00+03:00,06:00,33279.79
2026-04-04T07:00:00+03:00,07:00,34295.06
2026-04-04T08:00:00+03:00,08:00,38601.18
2026-04-04T09:00:00+03:00,09:00,40954.47
2026-04-04T10:00:00+03:00,10:00,41623.72
2026-04-04T11:00:00+03:00,11:00,42586.36
2026-04-04T12:00:00+03:00,12:00,41373.5
2026-04-04T13:00:00+03:00,13:00,41453.87
2026-04-04T14:00:00+03:00,14:00,40950.02
2026-04-04T15:00:00+03:00,15:00,39821.35
2026-04-04T16:00:00+03:00,16:00,39003.91
2026-04-04T17:00:00+03:00,17:00,39168.8
2026-04-04T18:00:00+03:00,18:00,40423.46
2026-04-04T19:00:00+03:00,19:00,42541.15
2026-04-04T20:00:00+03:00,20:00,42448.68
2026-04-04T21:00:00+03:00,21:00,40993.65
2026-04-04T22:00:00+03:00,22:00,39532.12
2026-04-04T23:00:00+03:00,23:00,37765.44
2026-04-05T00:00:00+03:00,00:00,35779.97
2026-04-05T01:00:00+03:00,01:00,33967.9
2026-04-05T02:00:00+03:00,02:00,32415.63
2026-04-05T03:00:00+03:00,03:00,31341.79
2026-04-05T04:00:00+03:00,04:00,30907.39
2026-04-05T05:00:00+03:00,05:00,31023.69
2026-04-05T06:00:00+03:00,06:00,30857.57
2026-04-05T07:00:00+03:00,07:00,30435.05
2026-04-05T08:00:00+03:00,08:00,31343.47
2026-04-05T09:00:00+03:00,09:00,32178.76
2026-04-05T10:00:00+03:00,10:00,33084.27
2026-04-05T11:00:00+03:00,11:00,34195.93
2026-04-05T12:00:00+03:00,12:00,34467.37
2026-04-05T13:00:00+03:00,13:00,34344.14
2026-04-05T14:00:00+03:00,14:00,33446.34
2026-04-05T15:00:00+03:00,15:00,32682.74
2026-04-05T16:00:00+03:00,16:00,32290.74
2026-04-05T17:00:00+03:00,17:00,33444.13
2026-04-05T18:00:00+03:00,18:00,35461.11
2026-04-05T19:00:00+03:00,19:00,38414.79
2026-04-05T20:00:00+03:00,20:00,39337.79
2026-04-05T21:00:00+03:00,21:00,38245.55
2026-04-05T22:00:00+03:00,22:00,36818.07
2026-04-05T23:00:00+03:00,23:00,35268.1
2026-04-06T00:00:00+03:00,00:00,33658.2
2026-04-06T01:00:00+03:00,01:00,31629.8
2026-04-06T02:00:00+03:00,02:00,30312.57
2026-04-06T03:00:00+03:00,03:00,29730.3
2026-04-06T04:00:00+03:00,04:00,29642.71
2026-04-06T05:00:00+03:00,05:00,30384.86
2026-04-06T06:00:00+03:00,06:00,31939.88
2026-04-06T07:00:00+03:00,07:00,35171.68
2026-04-06T08:00:00+03:00,08:00,41133.43
2026-04-06T09:00:00+03:00,09:00,42523.47
2026-04-06T10:00:00+03:00,10:00,42151.03
2026-04-06T11:00:00+03:00,11:00,42113.02
2026-04-06T12:00:00+03:00,12:00,40385.85
2026-04-06T13:00:00+03:00,13:00,41112.54
2026-04-06T14:00:00+03:00,14:00,41338.68
2026-04-06T15:00:00+03:00,15:00,40806.27
2026-04-06T16:00:00+03:00,16:00,40515.77
2026-04-06T17:00:00+03:00,17:00,40158.72
2026-04-06T18:00:00+03:00,18:00,40276.19
2026-04-06T19:00:00+03:00,19:00,42415.77
2026-04-06T20:00:00+03:00,20:00,43100.71
2026-04-06T21:00:00+03:00,21:00,41891.62
2026-04-06T22:00:00+03:00,22:00,40326.67
2026-04-06T23:00:00+03:00,23:00,38305.4
2026-04-07T00:00:00+03:00,00:00,36465.69
2026-04-07T01:00:00+03:00,01:00,34826.26
2026-04-07T02:00:00+03:00,02:00,33507.43
2026-04-07T03:00:00+03:00,03:00,32810.41
2026-04-07T04:00:00+03:00,04:00,32569.04
2026-04-07T05:00:00+03:00,05:00,33177.84
2026-04-07T06:00:00+03:00,06:00,34405.87
2026-04-07T07:00:00+03:00,07:00,36843.66
2026-04-07T08:00:00+03:00,08:00,42244.38
2026-04-07T09:00:00+03:00,09:00,42856.47
2026-04-07T10:00:00+03:00,10:00,42418.33
2026-04-07T11:00:00+03:00,11:00,42917.33
2026-04-07T12:00:00+03:00,12:00,41490.19
2026-04-07T13:00:00+03:00,13:00,41511.48
2026-04-07T14:00:00+03:00,14:00,41473.82
2026-04-07T15:00:00+03:00,15:00,40331.22
2026-04-07T16:00:00+03:00,16:00,39939.72
2026-04-07T17:00:00+03:00,17:00,40200.68
2026-04-07T18:00:00+03:00,18:00,41032.42
2026-04-07T19:00:00+03:00,19:00,43103.6
2026-04-07T20:00:00+03:00,20:00,43263.58
2026-04-07T21:00:00+03:00,21:00,41828.18
2026-04-07T22:00:00+03:00,22:00,40051.87
2026-04-07T23:00:00+03:00,23:00,38055.84
2026-04-08T00:00:00+03:00,00:00,36024.77
2026-04-08T01:00:00+03:00,01:00,34272.65
2026-04-08T02:00:00+03:00,02:00,33141.35
2026-04-08T03:00:00+03:00,03:00,32228.03
2026-04-08T04:00:00+03:00,04:00,32046.22
2026-04-08T05:00:00+03:00,05:00,32613.97
2026-04-08T06:00:00+03:00,06:00,33423.48
2026-04-08T07:00:00+03:00,07:00,36019.43
2026-04-08T08:00:00+03:00,08:00,42032.97
2026-04-08T09:00:00+03:00,09:00,44130.35
2026-04-08T10:00:00+03:00,10:00,44089.44
2026-04-08T11:00:00+03:00,11:00,44451.12
2026-04-08T12:00:00+03:00,12:00,43108.42
2026-04-08T13:00:00+03:00,13:00,43191.23
2026-04-08T14:00:00+03:00,14:00,44426.0
2026-04-08T15:00:00+03:00,15:00,43773.26
2026-04-08T16:00:00+03:00,16:00,43413.6
2026-04-08T17:00:00+03:00,17:00,43115.54
2026-04-08T18:00:00+03:00,18:00,42039.21
2026-04-08T19:00:00+03:00,19:00,43470.32
2026-04-08T20:00:00+03:00,20:00,43898.48
2026-04-08T21:00:00+03:00,21:00,42637.4
2026-04-08T22:00:00+03:00,22:00,40494.5
2026-04-08T23:00:00+03:00,23:00,38246.43
2026-04-09T00:00:00+03:00,00:00,36184.2
2026-04-09T01:00:00+03:00,01:00,34598.31
2026-04-09T02:00:00+03:00,02:00,33571.91
2026-04-09T03:00:00+03:00,03:00,32980.72
2026-04-09T04:00:00+03:00,04:00,32866.57
2026-04-09T05:00:00+03:00,05:00,33557.18
2026-04-09T06:00:00+03:00,06:00,34697.73
2026-04-09T07:00:00+03:00,07:00,37497.59
2026-04-09T08:00:00+03:00,08:00,43431.21
2026-04-09T09:00:00+03:00,09:00,45017.54
2026-04-09T10:00:00+03:00,10:00,44925.27
2026-04-09T11:00:00+03:00,11:00,44963.43
2026-04-09T12:00:00+03:00,12:00,43129.7
2026-04-09T13:00:00+03:00,13:00,43444.97
2026-04-09T14:00:00+03:00,14:00,43945.17
2026-04-09T15:00:00+03:00,15:00,43640.16
2026-04-09T16:00:00+03:00,16:00,43649.28
2026-04-09T17:00:00+03:00,17:00,43380.76
2026-04-09T18:00:00+03:00,18:00,43165.34
2026-04-09T19:00:00+03:00,19:00,44668.79
2026-04-09T20:00:00+03:00,20:00,45053.13
2026-04-09T21:00:00+03:00,21:00,43643.68
2026-04-09T22:00:00+03:00,22:00,41703.56
2026-04-09T23:00:00+03:00,23:00,39667.41
2026-04-10T00:00:00+03:00,00:00,37313.01
2026-04-10T01:00:00+03:00,01:00,35381.57
2026-04-10T02:00:00+03:00,02:00,34178.48
2026-04-10T03:00:00+03:00,03:00,33370.87
2026-04-10T04:00:00+03:00,04:00,33205.81
2026-04-10T05:00:00+03:00,05:00,33836.83
2026-04-10T06:00:00+03:00,06:00,34739.01
2026-04-10T07:00:00+03:00,07:00,37819.08
2026-04-10T08:00:00+03:00,08:00,43666.03
2026-04-10T09:00:00+03:00,09:00,45990.01
2026-04-10T10:00:00+03:00,10:00,46147.25
2026-04-10T11:00:00+03:00,11:00,46336.95
2026-04-10T12:00:00+03:00,12:00,44281.47
2026-04-10T13:00:00+03:00,13:00,43322.46
2026-04-10T14:00:00+03:00,14:00,44748.53
2026-04-10T15:00:00+03:00,15:00,44112.03
2026-04-10T16:00:00+03:00,16:00,44396.28
2026-04-10T17:00:00+03:00,17:00,43954.47
2026-04-10T18:00:00+03:00,18:00,42984.93
2026-04-10T19:00:00+03:00,19:00,44553.3
2026-04-10T20:00:00+03:00,20:00,44832.67
2026-04-10T21:00:00+03:00,21:00,43520.43
2026-04-10T22:00:00+03:00,22:00,41830.13
2026-04-10T23:00:00+03:00,23:00,39914.34
2026-04-11T00:00:00+03:00,00:00,37937.67
2026-04-11T01:00:00+03:00,01:00,36159.76
2026-04-11T02:00:00+03:00,02:00,34659.13
2026-04-11T03:00:00+03:00,03:00,33679.58
2026-04-11T04:00:00+03:00,04:00,33431.72
2026-04-11T05:00:00+03:00,05:00,33793.64
2026-04-11T06:00:00+03:00,06:00,33817.83
2026-04-11T07:00:00+03:00,07:00,35260.87
2026-04-11T08:00:00+03:00,08:00,39760.4
2026-04-11T09:00:00+03:00,09:00,41660.35
2026-04-11T10:00:00+03:00,10:00,42222.84
2026-04-11T11:00:00+03:00,11:00,43044.39
2026-04-11T12:00:00+03:00,12:00,41404.42
2026-04-11T13:00:00+03:00,13:00,41232.21
2026-04-11T14:00:00+03:00,14:00,41179.71
2026-04-11T15:00:00+03:00,15:00,40292.73
2026-04-11T16:00:00+03:00,16:00,39776.68
2026-04-11T17:00:00+03:00,17:00,40112.78
2026-04-11T18:00:00+03:00,18:00,40731.66
2026-04-11T19:00:00+03:00,19:00,42946.56
2026-04-11T20:00:00+03:00,20:00,43258.33
2026-04-11T21:00:00+03:00,21:00,41900.33
2026-04-11T22:00:00+03:00,22:00,40311.68
2026-04-11T23:00:00+03:00,23:00,38358.76
2026-04-12T00:00:00+03:00,00:00,36238.98
2026-04-12T01:00:00+03:00,01:00,34139.08
2026-04-12T02:00:00+03:00,02:00,32460.26
2026-04-12T03:00:00+03:00,03:00,31492.27
2026-04-12T04:00:00+03:00,04:00,31255.04
2026-04-12T05:00:00+03:00,05:00,31545.36
2026-04-12T06:00:00+03:00,06:00,30833.04
2026-04-12T07:00:00+03:00,07:00,31496.28
2026-04-12T08:00:00+03:00,08:00,32491.02
2026-04-12T09:00:00+03:00,09:00,32786.52
2026-04-12T10:00:00+03:00,10:00,33807.42
2026-04-12T11:00:00+03:00,11:00,35000.97
2026-04-12T12:00:00+03:00,12:00,34906.49
2026-04-12T13:00:00+03:00,13:00,35084.53
2026-04-12T14:00:00+03:00,14:00,34689.28
2026-04-12T15:00:00+03:00,15:00,33479.44
2026-04-12T16:00:00+03:00,16:00,33357.86
2026-04-12T17:00:00+03:00,17:00,34025.4
2026-04-12T18:00:00+03:00,18:00,36127.56
2026-04-12T19:00:00+03:00,19:00,39190.94
2026-04-12T20:00:00+03:00,20:00,40765.37
2026-04-12T21:00:00+03:00,21:00,39630.47
2026-04-12T22:00:00+03:00,22:00,38346.9
2026-04-12T23:00:00+03:00,23:00,36761.87
2026-04-13T00:00:00+03:00,00:00,34876.28
2026-04-13T01:00:00+03:00,01:00,32884.38
2026-04-13T02:00:00+03:00,02:00,31512.05
2026-04-13T03:00:00+03:00,03:00,30888.41
2026-04-13T04:00:00+03:00,04:00,30894.38
2026-04-13T05:00:00+03:00,05:00,31874.94
2026-04-13T06:00:00+03:00,06:00,33263.75
2026-04-13T07:00:00+03:00,07:00,36281.59
2026-04-13T08:00:00+03:00,08:00,42314.35
2026-04-13T09:00:00+03:00,09:00,44109.18
2026-04-13T10:00:00+03:00,10:00,44113.87
2026-04-13T11:00:00+03:00,11:00,44581.38
2026-04-13T12:00:00+03:00,12:00,42770.38
2026-04-13T13:00:00+03:00,13:00,42574.49
2026-04-13T14:00:00+03:00,14:00,41913.48
2026-04-13T15:00:00+03:00,15:00,40774.98
2026-04-13T16:00:00+03:00,16:00,40550.11
2026-04-13T17:00:00+03:00,17:00,41125.09
2026-04-13T18:00:00+03:00,18:00,41260.93
2026-04-13T19:00:00+03:00,19:00,43748.28
2026-04-13T20:00:00+03:00,20:00,44775.74
2026-04-13T21:00:00+03:00,21:00,43335.44
2026-04-13T22:00:00+03:00,22:00,41382.95
2026-04-13T23:00:00+03:00,23:00,39503.24
2026-04-14T00:00:00+03:00,00:00,37487.39
2026-04-14T01:00:00+03:00,01:00,35540.05
2026-04-14T02:00:00+03:00,02:00,34506.66
2026-04-14T03:00:00+03:00,03:00,33803.45
2026-04-14T04:00:00+03:00,04:00,33563.55
2026-04-14T05:00:00+03:00,05:00,34315.38
2026-04-14T06:00:00+03:00,06:00,35290.21
2026-04-14T07:00:00+03:00,07:00,37839.92
2026-04-14T08:00:00+03:00,08:00,43433.66
2026-04-14T09:00:00+03:00,09:00,44554.33
2026-04-14T10:00:00+03:00,10:00,44104.14
2026-04-14T11:00:00+03:00,11:00,43916.88
2026-04-14T12:00:00+03:00,12:00,41767.88
2026-04-14T13:00:00+03:00,13:00,41451.43
2026-04-14T14:00:00+03:00,14:00,41544.7
2026-04-14T15:00:00+03:00,15:00,40743.55
2026-04-14T16:00:00+03:00,16:00,41246.11
2026-04-14T17:00:00+03:00,17:00,41431.01
2026-04-14T18:00:00+03:00,18:00,42187.13
2026-04-14T19:00:00+03:00,19:00,43987.05
2026-04-14T20:00:00+03:00,20:00,44447.87
2026-04-14T21:00:00+03:00,21:00,42368.97
2026-04-14T22:00:00+03:00,22:00,41272.76
2026-04-14T23:00:00+03:00,23:00,38631.86
2026-04-15T00:00:00+03:00,00:00,36890.69
2026-04-15T01:00:00+03:00,01:00,35062.66
2026-04-15T02:00:00+03:00,02:00,33829.58
2026-04-15T03:00:00+03:00,03:00,33103.08
2026-04-15T04:00:00+03:00,04:00,32716.91
2026-04-15T05:00:00+03:00,05:00,33467.8
2026-04-15T06:00:00+03:00,06:00,33653.08
2026-04-15T07:00:00+03:00,07:00,36544.47
2026-04-15T08:00:00+03:00,08:00,42310.25
2026-04-15T09:00:00+03:00,09:00,44149.63
2026-04-15T10:00:00+03:00,10:00,43628.01
2026-04-15T11:00:00+03:00,11:00,43807.41
2026-04-15T12:00:00+03:00,12:00,41211.43
2026-04-15T13:00:00+03:00,13:00,40961.32
2026-04-15T14:00:00+03:00,14:00,40212.77
2026-04-15T15:00:00+03:00,15:00,39951.87
2026-04-15T16:00:00+03:00,16:00,40279.2
2026-04-15T17:00:00+03:00,17:00,40290.53
2026-04-15T18:00:00+03:00,18:00,40215.34
2026-04-15T19:00:00+03:00,19:00,42214.96
2026-04-15T20:00:00+03:00,20:00,42952.68
2026-04-15T21:00:00+03:00,21:00,41595.68
2026-04-15T22:00:00+03:00,22:00,39614.46
2026-04-15T23:00:00+03:00,23:00,37957.36
2026-04-16T00:00:00+03:00,00:00,36495.55
2026-04-16T01:00:00+03:00,01:00,34795.94
2026-04-16T02:00:00+03:00,02:00,33781.7
2026-04-16T03:00:00+03:00,03:00,32960.28
2026-04-16T04:00:00+03:00,04:00,32653.18
2026-04-16T05:00:00+03:00,05:00,33407.6
2026-04-16T06:00:00+03:00,06:00,34015.18
2026-04-16T07:00:00+03:00,07:00,36374.52
2026-04-16T08:00:00+03:00,08:00,41778.02
2026-04-16T09:00:00+03:00,09:00,43273.44
2026-04-16T10:00:00+03:00,10:00,42059.73
2026-04-16T11:00:00+03:00,11:00,43834.34
2026-04-16T12:00:00+03:00,12:00,41250.62
2026-04-16T13:00:00+03:00,13:00,41721.25
2026-04-16T14:00:00+03:00,14:00,41144.05
2026-04-16T15:00:00+03:00,15:00,40353.02
2026-04-16T16:00:00+03:00,16:00,41027.34
2026-04-16T17:00:00+03:00,17:00,41170.09
2026-04-16T18:00:00+03:00,18:00,40788.33
2026-04-16T19:00:00+03:00,19:00,42555.18
2026-04-16T20:00:00+03:00,20:00,43266.95
2026-04-16T21:00:00+03:00,21:00,41521.94
2026-04-16T22:00:00+03:00,22:00,39623.0
2026-04-16T23:00:00+03:00,23:00,37642.75
2026-04-17T00:00:00+03:00,00:00,35969.85
2026-04-17T01:00:00+03:00,01:00,34013.07
2026-04-17T02:00:00+03:00,02:00,33021.45
2026-04-17T03:00:00+03:00,03:00,32196.97
2026-04-17T04:00:00+03:00,04:00,31831.15
2026-04-17T05:00:00+03:00,05:00,32355.91
2026-04-17T06:00:00+03:00,06:00,31544.9
2026-04-17T07:00:00+03:00,07:00,32513.8
2026-04-17T08:00:00+03:00,08:00,37628.48
2026-04-17T09:00:00+03:00,09:00,39858.44
2026-04-19T00:00:00+03:00,00:00,33967.65
2026-04-19T01:00:00+03:00,01:00,32558.81
2026-04-19T02:00:00+03:00,02:00,31088.73
2026-04-19T03:00:00+03:00,03:00,30604.92
2026-04-19T04:00:00+03:00,04:00,30160.11
2026-04-19T05:00:00+03:00,05:00,30390.88
2026-04-19T06:00:00+03:00,06:00,29570.16
2026-04-19T07:00:00+03:00,07:00,29596.07
2026-04-19T08:00:00+03:00,08:00,30703.72
2026-04-19T09:00:00+03:00,09:00,31812.61
2026-04-19T10:00:00+03:00,10:00,33626.41
2026-04-19T11:00:00+03:00,11:00,34737.78
2026-04-19T12:00:00+03:00,12:00,34926.67
2026-04-19T13:00:00+03:00,13:00,35002.2
2026-04-19T14:00:00+03:00,14:00,34574.96
2026-04-19T15:00:00+03:00,15:00,34265.88
2026-04-19T16:00:00+03:00,16:00,33752.45
2026-04-19T17:00:00+03:00,17:00,34132.31
2026-04-19T18:00:00+03:00,18:00,34039.66
2026-04-19T19:00:00+03:00,19:00,37541.27
2026-04-19T20:00:00+03:00,20:00,38987.56
2026-04-19T21:00:00+03:00,21:00,38153.5
2026-04-19T22:00:00+03:00,22:00,36667.36
2026-04-19T23:00:00+03:00,23:00,34683.51
2026-04-20T00:00:00+03:00,00:00,32928.63
2026-04-20T01:00:00+03:00,01:00,31700.32
2026-04-20T02:00:00+03:00,02:00,29869.07
2026-04-20T03:00:00+03:00,03:00,29508.37
2026-04-20T04:00:00+03:00,04:00,29586.65
2026-04-20T05:00:00+03:00,05:00,30309.66
2026-04-20T06:00:00+03:00,06:00,31299.11
2026-04-20T07:00:00+03:00,07:00,34433.31
2026-04-20T08:00:00+03:00,08:00,40649.6
2026-04-20T09:00:00+03:00,09:00,42566.14
2026-04-20T10:00:00+03:00,10:00,42593.06
2026-04-20T11:00:00+03:00,11:00,43279.9
2026-04-20T12:00:00+03:00,12:00,41381.65
2026-04-20T13:00:00+03:00,13:00,41151.15
2026-04-20T14:00:00+03:00,14:00,41597.97
2026-04-20T15:00:00+03:00,15:00,41049.73
2026-04-20T16:00:00+03:00,16:00,39908.17
2026-04-20T17:00:00+03:00,17:00,40105.22
2026-04-20T18:00:00+03:00,18:00,39858.77
2026-04-20T19:00:00+03:00,19:00,41709.48
2026-04-20T20:00:00+03:00,20:00,42973.55
2026-04-20T21:00:00+03:00,21:00,41766.26
2026-04-20T22:00:00+03:00,22:00,39883.34
2026-04-20T23:00:00+03:00,23:00,37780.31
2026-04-21T00:00:00+03:00,00:00,35857.82
2026-04-21T01:00:00+03:00,01:00,34168.42
2026-04-21T02:00:00+03:00,02:00,32976.22
2026-04-21T03:00:00+03:00,03:00,32416.01
2026-04-21T04:00:00+03:00,04:00,32283.7
2026-04-21T05:00:00+03:00,05:00,32906.93
2026-04-21T06:00:00+03:00,06:00,33181.94
2026-04-21T07:00:00+03:00,07:00,36299.93
2026-04-21T08:00:00+03:00,08:00,41563.12
2026-04-21T09:00:00+03:00,09:00,42321.94
2026-04-21T10:00:00+03:00,10:00,42037.63
2026-04-21T11:00:00+03:00,11:00,42250.96
2026-04-21T12:00:00+03:00,12:00,40284.54
2026-04-21T13:00:00+03:00,13:00,40152.42
2026-04-21T14:00:00+03:00,14:00,39788.21
2026-04-21T15:00:00+03:00,15:00,38726.0
2026-04-21T16:00:00+03:00,16:00,38667.54
2026-04-21T17:00:00+03:00,17:00,39447.4
2026-04-21T18:00:00+03:00,18:00,40006.08
2026-04-21T19:00:00+03:00,19:00,41898.04
2026-04-21T20:00:00+03:00,20:00,42952.48
2026-04-21T21:00:00+03:00,21:00,41751.24
2026-04-21T22:00:00+03:00,22:00,39952.87
2026-04-21T23:00:00+03:00,23:00,38025.1
2026-04-22T00:00:00+03:00,00:00,36003.25
2026-04-22T01:00:00+03:00,01:00,34113.2
2026-04-22T02:00:00+03:00,02:00,32936.6
2026-04-22T03:00:00+03:00,03:00,32242.61
2026-04-22T04:00:00+03:00,04:00,32104.8
2026-04-22T05:00:00+03:00,05:00,32730.09
2026-04-22T06:00:00+03:00,06:00,33384.62
2026-04-22T07:00:00+03:00,07:00,35935.25
2026-04-22T08:00:00+03:00,08:00,40741.11
2026-04-22T09:00:00+03:00,09:00,42856.34
2026-04-22T10:00:00+03:00,10:00,42949.19
2026-04-22T11:00:00+03:00,11:00,43790.52
2026-04-22T12:00:00+03:00,12:00,41771.38
2026-04-22T13:00:00+03:00,13:00,43231.04
2026-04-22T14:00:00+03:00,14:00,43146.68
2026-04-22T15:00:00+03:00,15:00,42561.78
2026-04-22T16:00:00+03:00,16:00,42514.42
2026-04-22T17:00:00+03:00,17:00,42199.43
2026-04-22T18:00:00+03:00,18:00,41538.22
2026-04-22T19:00:00+03:00,19:00,42694.67
2026-04-22T20:00:00+03:00,20:00,43373.0
2026-04-22T21:00:00+03:00,21:00,41962.47
2026-04-22T22:00:00+03:00,22:00,39637.61
2026-04-22T23:00:00+03:00,23:00,37587.6
2026-04-23T00:00:00+03:00,00:00,35040.06
2026-04-23T01:00:00+03:00,01:00,33094.08
2026-04-23T02:00:00+03:00,02:00,31191.06
2026-04-23T03:00:00+03:00,03:00,30752.35
2026-04-23T04:00:00+03:00,04:00,30769.54
2026-04-23T05:00:00+03:00,05:00,31014.12
2026-04-23T06:00:00+03:00,06:00,30956.45
2026-04-23T07:00:00+03:00,07:00,31844.17
2026-04-23T08:00:00+03:00,08:00,35442.33
2026-04-23T09:00:00+03:00,09:00,37705.78
2026-04-23T10:00:00+03:00,10:00,38920.15
2026-04-23T11:00:00+03:00,11:00,39298.03
2026-04-23T12:00:00+03:00,12:00,38738.06
2026-04-23T13:00:00+03:00,13:00,39137.48
2026-04-23T14:00:00+03:00,14:00,38272.45
2026-04-23T15:00:00+03:00,15:00,37503.29
2026-04-23T16:00:00+03:00,16:00,37042.88
2026-04-23T17:00:00+03:00,17:00,37374.65
2026-04-23T18:00:00+03:00,18:00,37938.86
2026-04-23T19:00:00+03:00,19:00,39684.83
2026-04-23T20:00:00+03:00,20:00,40722.11
2026-04-23T21:00:00+03:00,21:00,39578.94
2026-04-23T22:00:00+03:00,22:00,37796.63
2026-04-23T23:00:00+03:00,23:00,36019.03
2026-04-24T00:00:00+03:00,00:00,34721.12
2026-04-24T01:00:00+03:00,01:00,33045.93
2026-04-24T02:00:00+03:00,02:00,31869.8
2026-04-24T03:00:00+03:00,03:00,31178.18
2026-04-24T04:00:00+03:00,04:00,31224.44
2026-04-24T05:00:00+03:00,05:00,31812.77
2026-04-24T06:00:00+03:00,06:00,32258.96
2026-04-24T07:00:00+03:00,07:00,35054.96
2026-04-24T08:00:00+03:00,08:00,40511.59
2026-04-24T09:00:00+03:00,09:00,42021.09
2026-04-24T10:00:00+03:00,10:00,41584.61
2026-04-24T11:00:00+03:00,11:00,42141.74
2026-04-24T12:00:00+03:00,12:00,39784.84
2026-04-24T13:00:00+03:00,13:00,39048.44
2026-04-24T14:00:00+03:00,14:00,40187.42
2026-04-24T15:00:00+03:00,15:00,39400.69
2026-04-24T16:00:00+03:00,16:00,39231.04
2026-04-24T17:00:00+03:00,17:00,39611.41
2026-04-24T18:00:00+03:00,18:00,39382.2
2026-04-24T19:00:00+03:00,19:00,40984.0
2026-04-24T20:00:00+03:00,20:00,42160.77
2026-04-24T21:00:00+03:00,21:00,41111.29
2026-04-24T22:00:00+03:00,22:00,39490.23
2026-04-24T23:00:00+03:00,23:00,37603.55
2026-04-25T00:00:00+03:00,00:00,36032.3
2026-04-25T01:00:00+03:00,01:00,34163.86
2026-04-25T02:00:00+03:00,02:00,32705.68
2026-04-25T03:00:00+03:00,03:00,31986.92
2026-04-25T04:00:00+03:00,04:00,31813.03
2026-04-25T05:00:00+03:00,05:00,32155.95
2026-04-25T06:00:00+03:00,06:00,31911.12
2026-04-25T07:00:00+03:00,07:00,33085.87
2026-04-25T08:00:00+03:00,08:00,36261.74
2026-04-25T09:00:00+03:00,09:00,37363.88
2026-04-25T10:00:00+03:00,10:00,38046.7
2026-04-25T11:00:00+03:00,11:00,38063.16
2026-04-25T12:00:00+03:00,12:00,36730.28
2026-04-25T13:00:00+03:00,13:00,36371.03
2026-04-25T14:00:00+03:00,14:00,35503.51
2026-04-25T15:00:00+03:00,15:00,35019.43
2026-04-25T16:00:00+03:00,16:00,34927.09
2026-04-25T17:00:00+03:00,17:00,35892.73
2026-04-25T18:00:00+03:00,18:00,36913.91
2026-04-25T19:00:00+03:00,19:00,38717.56
2026-04-25T20:00:00+03:00,20:00,40256.91
2026-04-25T21:00:00+03:00,21:00,39152.2
2026-04-25T22:00:00+03:00,22:00,37726.54
2026-04-25T23:00:00+03:00,23:00,35869.49
2026-04-26T00:00:00+03:00,00:00,33768.26
2026-04-26T01:00:00+03:00,01:00,32157.14
2026-04-26T02:00:00+03:00,02:00,30831.07
2026-04-26T03:00:00+03:00,03:00,29933.41
2026-04-26T04:00:00+03:00,04:00,29596.73
2026-04-26T05:00:00+03:00,05:00,29623.22
2026-04-26T06:00:00+03:00,06:00,29119.14
2026-04-26T07:00:00+03:00,07:00,28774.59
2026-04-26T08:00:00+03:00,08:00,29374.85
2026-04-26T09:00:00+03:00,09:00,30306.65
2026-04-26T10:00:00+03:00,10:00,30728.29
2026-04-26T11:00:00+03:00,11:00,31210.81
2026-04-26T12:00:00+03:00,12:00,31598.2
2026-04-26T13:00:00+03:00,13:00,32119.39
2026-04-26T14:00:00+03:00,14:00,31548.29
2026-04-26T15:00:00+03:00,15:00,30909.96
2026-04-26T16:00:00+03:00,16:00,30429.19
2026-04-26T17:00:00+03:00,17:00,31268.05
2026-04-26T18:00:00+03:00,18:00,32923.03
2026-04-26T19:00:00+03:00,19:00,35641.65
2026-04-26T20:00:00+03:00,20:00,37194.22
2026-04-26T21:00:00+03:00,21:00,36419.68
2026-04-26T22:00:00+03:00,22:00,35001.61
2026-04-26T23:00:00+03:00,23:00,33248.9
2026-04-27T00:00:00+03:00,00:00,31986.34
2026-04-27T01:00:00+03:00,01:00,29890.41
2026-04-27T02:00:00+03:00,02:00,28866.24
2026-04-27T03:00:00+03:00,03:00,28371.78
2026-04-27T04:00:00+03:00,04:00,28274.22
2026-04-27T05:00:00+03:00,05:00,28646.15
2026-04-27T06:00:00+03:00,06:00,28284.72
2026-04-27T07:00:00+03:00,07:00,29549.63
2026-04-27T08:00:00+03:00,08:00,34429.68
2026-04-27T09:00:00+03:00,09:00,36392.9
2026-04-27T10:00:00+03:00,10:00,13752.85
2026-04-28T00:00:00+03:00,00:00,35364.46
2026-04-28T01:00:00+03:00,01:00,33750.92
2026-04-28T02:00:00+03:00,02:00,32473.97
2026-04-28T03:00:00+03:00,03:00,31799.11
2026-04-28T04:00:00+03:00,04:00,31340.98
2026-04-28T05:00:00+03:00,05:00,32142.88
2026-04-28T06:00:00+03:00,06:00,32669.14
2026-04-28T07:00:00+03:00,07:00,35496.41
2026-04-28T08:00:00+03:00,08:00,40503.55
2026-04-28T09:00:00+03:00,09:00,41764.29
2026-04-28T10:00:00+03:00,10:00,41747.36
2026-04-28T11:00:00+03:00,11:00,41451.49
2026-04-28T12:00:00+03:00,12:00,39948.02
2026-04-28T13:00:00+03:00,13:00,40196.04
2026-04-28T14:00:00+03:00,14:00,40199.29
2026-04-28T15:00:00+03:00,15:00,39495.96
2026-04-28T16:00:00+03:00,16:00,39796.26
2026-04-28T17:00:00+03:00,17:00,39746.19
2026-04-28T18:00:00+03:00,18:00,39943.14
2026-04-28T19:00:00+03:00,19:00,41700.94
2026-04-28T20:00:00+03:00,20:00,42795.16
2026-04-28T21:00:00+03:00,21:00,41667.55
2026-04-28T22:00:00+03:00,22:00,39861.01
2026-04-28T23:00:00+03:00,23:00,37774.91
2026-04-29T00:00:00+03:00,00:00,35677.61
2026-04-29T01:00:00+03:00,01:00,33946.26
2026-04-29T02:00:00+03:00,02:00,32537.02
2026-04-29T03:00:00+03:00,03:00,31935.88
2026-04-29T04:00:00+03:00,04:00,31837.84
2026-04-29T05:00:00+03:00,05:00,32244.66
2026-04-29T06:00:00+03:00,06:00,32934.02
2026-04-29T07:00:00+03:00,07:00,35557.8
2026-04-29T08:00:00+03:00,08:00,40507.72
2026-04-29T09:00:00+03:00,09:00,41755.62
2026-04-29T10:00:00+03:00,10:00,41471.93
2026-04-29T11:00:00+03:00,11:00,42014.02
2026-04-29T12:00:00+03:00,12:00,39887.16
2026-04-29T13:00:00+03:00,13:00,40124.42
2026-04-29T14:00:00+03:00,14:00,40105.48
2026-04-29T15:00:00+03:00,15:00,39723.46
2026-04-29T16:00:00+03:00,16:00,37990.1
2026-04-29T17:00:00+03:00,17:00,38103.56
2026-04-29T18:00:00+03:00,18:00,37999.47
2026-04-29T19:00:00+03:00,19:00,39639.11
2026-04-29T20:00:00+03:00,20:00,41157.03
2026-04-29T21:00:00+03:00,21:00,40100.77
2026-04-29T22:00:00+03:00,22:00,38475.95
2026-04-29T23:00:00+03:00,23:00,36020.58
2026-04-30T00:00:00+03:00,00:00,35946.23
2026-04-30T01:00:00+03:00,01:00,34238.97
2026-04-30T02:00:00+03:00,02:00,32839.85
2026-04-30T03:00:00+03:00,03:00,32228.51
2026-04-30T04:00:00+03:00,04:00,32083.3
2026-04-30T05:00:00+03:00,05:00,32431.62
2026-04-30T06:00:00+03:00,06:00,32906.07
2026-04-30T07:00:00+03:00,07:00,35581.86
2026-04-30T08:00:00+03:00,08:00,40281.36
2026-04-30T09:00:00+03:00,09:00,41592.07
2026-04-30T10:00:00+03:00,10:00,41291.14
2026-04-30T11:00:00+03:00,11:00,41733.27
2026-04-30T12:00:00+03:00,12:00,39416.16
2026-04-30T13:00:00+03:00,13:00,39570.58
2026-04-30T14:00:00+03:00,14:00,39759.43
2026-04-30T15:00:00+03:00,15:00,39548.32
2026-04-30T16:00:00+03:00,16:00,39646.53
2026-04-30T17:00:00+03:00,17:00,39849.29
2026-04-30T18:00:00+03:00,18:00,39564.99
2026-04-30T19:00:00+03:00,19:00,41103.63
2026-04-30T20:00:00+03:00,20:00,42414.92
2026-04-30T21:00:00+03:00,21:00,41024.5
2026-04-30T22:00:00+03:00,22:00,38790.96
2026-04-30T23:00:00+03:00,23:00,36670.63
2026-05-01T00:00:00+03:00,00:00,34088.99
2026-05-01T01:00:00+03:00,01:00,32136.88
2026-05-01T02:00:00+03:00,02:00,29871.44
2026-05-01T03:00:00+03:00,03:00,29952.14
2026-05-01T04:00:00+03:00,04:00,29345.11
2026-05-01T05:00:00+03:00,05:00,29711.26
2026-05-01T06:00:00+03:00,06:00,28767.93
2026-05-01T07:00:00+03:00,07:00,29608.39
2026-05-01T08:00:00+03:00,08:00,32442.02
2026-05-01T09:00:00+03:00,09:00,34510.42
2026-05-01T10:00:00+03:00,10:00,36308.87
2026-05-01T11:00:00+03:00,11:00,37858.54
2026-05-01T12:00:00+03:00,12:00,37186.12
2026-05-01T13:00:00+03:00,13:00,36449.08
2026-05-01T14:00:00+03:00,14:00,37326.54
2026-05-01T15:00:00+03:00,15:00,37980.89
2026-05-01T16:00:00+03:00,16:00,38274.54
2026-05-01T17:00:00+03:00,17:00,37998.72
2026-05-01T18:00:00+03:00,18:00,37294.69
2026-05-01T19:00:00+03:00,19:00,38301.23
2026-05-01T20:00:00+03:00,20:00,39147.59
2026-05-01T21:00:00+03:00,21:00,37924.12
2026-05-01T22:00:00+03:00,22:00,36179.35
2026-05-01T23:00:00+03:00,23:00,34282.47
2026-05-02T00:00:00+03:00,00:00,33166.14
2026-05-02T01:00:00+03:00,01:00,31420.72
2026-05-02T02:00:00+03:00,02:00,30040.87
2026-05-02T03:00:00+03:00,03:00,29017.48
2026-05-02T04:00:00+03:00,04:00,29025.79
2026-05-02T05:00:00+03:00,05:00,28710.49
2026-05-02T06:00:00+03:00,06:00,28162.77
2026-05-02T07:00:00+03:00,07:00,29812.41
2026-05-02T08:00:00+03:00,08:00,34110.49
2026-05-02T09:00:00+03:00,09:00,37076.51
2026-05-02T10:00:00+03:00,10:00,38908.59
2026-05-02T11:00:00+03:00,11:00,40202.88
2026-05-02T12:00:00+03:00,12:00,39343.54
2026-05-02T13:00:00+03:00,13:00,39450.1
2026-05-02T14:00:00+03:00,14:00,39634.2
2026-05-02T15:00:00+03:00,15:00,39206.75
2026-05-02T16:00:00+03:00,16:00,38872.34
2026-05-02T17:00:00+03:00,17:00,38391.3
2026-05-02T18:00:00+03:00,18:00,38035.38
2026-05-02T19:00:00+03:00,19:00,38949.79
2026-05-02T20:00:00+03:00,20:00,39876.85
2026-05-02T21:00:00+03:00,21:00,38747.73
2026-05-02T22:00:00+03:00,22:00,36991.01
2026-05-02T23:00:00+03:00,23:00,35380.4
2026-05-03T00:00:00+03:00,00:00,33425.49
2026-05-03T01:00:00+03:00,01:00,31661.17
2026-05-03T02:00:00+03:00,02:00,30371.53
2026-05-03T03:00:00+03:00,03:00,29386.74
2026-05-03T04:00:00+03:00,04:00,29195.89
2026-05-03T05:00:00+03:00,05:00,28783.38
2026-05-03T06:00:00+03:00,06:00,27781.22
2026-05-03T07:00:00+03:00,07:00,28002.47
2026-05-03T08:00:00+03:00,08:00,29812.89
2026-05-03T09:00:00+03:00,09:00,32068.96
2026-05-03T10:00:00+03:00,10:00,34594.75
2026-05-03T11:00:00+03:00,11:00,35815.84
2026-05-03T12:00:00+03:00,12:00,36221.61
2026-05-03T13:00:00+03:00,13:00,37070.78
2026-05-03T14:00:00+03:00,14:00,37115.72
2026-05-03T15:00:00+03:00,15:00,36712.64
2026-05-03T16:00:00+03:00,16:00,36510.26
2026-05-03T17:00:00+03:00,17:00,36670.95
2026-05-03T18:00:00+03:00,18:00,36893.87
2026-05-03T19:00:00+03:00,19:00,37731.6
2026-05-03T20:00:00+03:00,20:00,38749.93
2026-05-03T21:00:00+03:00,21:00,37843.81
2026-05-03T22:00:00+03:00,22:00,36240.77
2026-05-03T23:00:00+03:00,23:00,34868.88
2026-05-04T00:00:00+03:00,00:00,32985.06
2026-05-04T01:00:00+03:00,01:00,31167.91
2026-05-04T02:00:00+03:00,02:00,30078.96
2026-05-04T03:00:00+03:00,03:00,29491.75
2026-05-04T04:00:00+03:00,04:00,29295.58
2026-05-04T05:00:00+03:00,05:00,29802.58
2026-05-04T06:00:00+03:00,06:00,30243.86
2026-05-04T07:00:00+03:00,07:00,33675.57
2026-05-04T08:00:00+03:00,08:00,41725.02
2026-05-04T09:00:00+03:00,09:00,44112.91
2026-05-04T10:00:00+03:00,10:00,45386.64
2026-05-04T11:00:00+03:00,11:00,46781.42
2026-05-04T12:00:00+03:00,12:00,45168.38
2026-05-04T13:00:00+03:00,13:00,45875.24
2026-05-04T14:00:00+03:00,14:00,46328.65
2026-05-04T15:00:00+03:00,15:00,45454.23
2026-05-04T16:00:00+03:00,16:00,45066.28
2026-05-04T17:00:00+03:00,17:00,44842.36
2026-05-04T18:00:00+03:00,18:00,43312.66
2026-05-04T19:00:00+03:00,19:00,44003.03
2026-05-04T20:00:00+03:00,20:00,44879.5
2026-05-04T21:00:00+03:00,21:00,43691.42
2026-05-04T22:00:00+03:00,22:00,41631.04
2026-05-04T23:00:00+03:00,23:00,39675.0
2026-05-05T00:00:00+03:00,00:00,37073.25
2026-05-05T01:00:00+03:00,01:00,35126.75
2026-05-05T02:00:00+03:00,02:00,33663.74
2026-05-05T03:00:00+03:00,03:00,33030.49
2026-05-05T04:00:00+03:00,04:00,32944.58
2026-05-05T05:00:00+03:00,05:00,32978.74
2026-05-05T06:00:00+03:00,06:00,32096.49
2026-05-05T07:00:00+03:00,07:00,33700.27
2026-05-05T08:00:00+03:00,08:00,37707.41
2026-05-05T09:00:00+03:00,09:00,39667.51
