date,hour,upRegulationZeroCoded,upRegulationOneCoded,upRegulationTwoCoded,upRegulationDelivered,net
2026-03-14T00:00:00+03:00,00:00,1058.37,0.0,0,1018.8,985.8
2026-03-14T01:00:00+03:00,01:00,767.7,0.0,0,754.7,731.25
2026-03-14T02:00:00+03:00,02:00,389.97,0.0,0,388.97,359.57
2026-03-14T03:00:00+03:00,03:00,312.0,0.0,0,309.67,309.67
2026-03-14T04:00:00+03:00,04:00,468.5,0.0,0,466.29,427.79
2026-03-14T05:00:00+03:00,05:00,306.58,0.0,0,306.58,306.58
2026-03-14T06:00:00+03:00,06:00,0.0,0.0,0,0.0,-497.78
2026-03-14T07:00:00+03:00,07:00,0.0,350.0,0,350.0,-886.83
2026-03-14T08:00:00+03:00,08:00,393.73,350.0,0,702.8,491.17
2026-03-14T09:00:00+03:00,09:00,1333.58,104.0,0,1403.19,1403.19
2026-03-14T10:00:00+03:00,10:00,2033.0,0.0,0,2030.59,2030.59
2026-03-14T11:00:00+03:00,11:00,2656.0,0.0,0,2651.31,2651.31
2026-03-14T12:00:00+03:00,12:00,2523.0,0.0,0,2501.66,2501.66
2026-03-14T13:00:00+03:00,13:00,2365.5,0.0,0,2356.68,2356.68
2026-03-14T14:00:00+03:00,14:00,2708.25,0.0,0,2697.2,2697.2
2026-03-14T15:00:00+03:00,15:00,2199.75,0.0,0,2163.25,2163.25
2026-03-14T16:00:00+03:00,16:00,1624.7,0.0,0,1618.38,1577.97
2026-03-14T17:00:00+03:00,17:00,1688.92,200.0,0,1774.8,1586.66
2026-03-14T18:00:00+03:00,18:00,992.95,360.0,0,1284.48,1055.31
2026-03-14T19:00:00+03:00,19:00,65.83,360.0,0,422.44,-197.6
2026-03-14T20:00:00+03:00,20:00,247.5,360.0,0,604.43,291.19
2026-03-14T21:00:00+03:00,21:00,82.73,226.0,0,301.22,-149.28
2026-03-14T22:00:00+03:00,22:00,0.0,0.0,0,0.0,-290.78
2026-03-14T23:00:00+03:00,23:00,19.47,0.0,0,19.47,-474.99
2026-03-15T00:00:00+03:00,00:00,444.7,0.0,0,444.7,393.02
2026-03-15T01:00:00+03:00,01:00,483.07,0.0,0,472.5,429.08
2026-03-15T02:00:00+03:00,02:00,19.7,0.0,0,18.88,18.88
2026-03-15T03:00:00+03:00,03:00,413.95,0.0,0,364.99,364.99
2026-03-15T04:00:00+03:00,04:00,147.0,0.0,0,130.3,130.3
2026-03-15T05:00:00+03:00,05:00,172.0,0.0,0,161.54,-98.16
2026-03-15T06:00:00+03:00,06:00,7.8,0.0,0,7.8,-680.79
2026-03-15T07:00:00+03:00,07:00,258.08,0.0,0,246.99,-758.56
2026-03-15T08:00:00+03:00,08:00,0.0,0.0,0,0.0,-1331.73
2026-03-15T09:00:00+03:00,09:00,217.25,0.0,0,216.64,-990.32
2026-03-15T10:00:00+03:00,10:00,7.5,0.0,0,7.5,-662.5
2026-03-15T11:00:00+03:00,11:00,28.8,0.0,0,28.3,-573.19
2026-03-15T12:00:00+03:00,12:00,0.0,0.0,0,0.0,-416.11
2026-03-15T13:00:00+03:00,13:00,568.77,0.0,0,351.96,351.96
2026-03-15T14:00:00+03:00,14:00,1432.18,0.0,0,1047.03,1047.03
2026-03-15T15:00:00+03:00,15:00,543.75,0.0,0,542.82,278.67
2026-03-15T16:00:00+03:00,16:00,842.07,0.0,0,807.0,556.08
2026-03-15T17:00:00+03:00,17:00,250.42,0.0,0,250.42,-28.74
2026-03-15T18:00:00+03:00,18:00,57.33,0.0,0,57.33,-288.47
2026-03-15T19:00:00+03:00,19:00,0.0,0.0,0,0.0,-409.47
2026-03-15T20:00:00+03:00,20:00,0.0,0.0,0,0.0,-695.08
2026-03-15T21:00:00+03:00,21:00,0.0,0.0,0,0.0,-1262.65
2026-03-15T22:00:00+03:00,22:00,0.0,0.0,0,0.0,-1440.58
2026-03-15T23:00:00+03:00,23:00,18.0,0.0,0,18.0,-374.46
2026-03-16T00:00:00+03:00,00:00,844.73,0.0,0,527.57,344.38
2026-03-16T01:00:00+03:00,01:00,300.6,0.0,0,293.23,79.23
2026-03-16T02:00:00+03:00,02:00,81.9,0.0,0,81.88,73.13
2026-03-16T03:00:00+03:00,03:00,0.0,0.0,0,0.0,0.0
2026-03-16T04:00:00+03:00,04:00,0.0,0.0,0,0.0,0.0
2026-03-16T05:00:00+03:00,05:00,0.0,0.0,0,0.0,0.0
2026-03-16T06:00:00+03:00,06:00,0.0,0.0,0,0.0,-40.97
2026-03-16T07:00:00+03:00,07:00,45.0,0.0,0,45.0,-957.55
2026-03-16T08:00:00+03:00,08:00,0.0,1850.0,0,1572.89,1100.84
2026-03-16T09:00:00+03:00,09:00,93.83,1973.0,0,2066.51,1534.97
2026-03-16T10:00:00+03:00,10:00,0.0,1700.0,0,1700.0,814.47
2026-03-16T11:00:00+03:00,11:00,246.95,1700.0,0,1945.45,551.83
2026-03-16T12:00:00+03:00,12:00,0.0,1800.0,0,1800.0,-488.51
2026-03-16T13:00:00+03:00,13:00,32.5,2085.0,0,2111.09,-898.46
2026-03-16T14:00:00+03:00,14:00,0.0,1985.0,0,1976.74,-1404.64
2026-03-16T15:00:00+03:00,15:00,17.5,2337.0,0,2344.65,-1630.64
2026-03-16T16:00:00+03:00,16:00,216.0,1621.0,0,1819.58,-2209.52
2026-03-16T17:00:00+03:00,17:00,245.03,1391.0,0,1609.65,-2176.44
2026-03-16T18:00:00+03:00,18:00,0.0,933.0,0,924.58,-360.07
2026-03-16T19:00:00+03:00,19:00,0.0,392.6,0,392.6,-121.48
2026-03-16T20:00:00+03:00,20:00,0.0,0.0,0,0.0,-327.86
2026-03-16T21:00:00+03:00,21:00,12.83,0.0,0,12.83,-324.72
2026-03-16T22:00:00+03:00,22:00,0.0,0.0,0,0.0,0.0
2026-03-16T23:00:00+03:00,23:00,0.0,0.0,0,0.0,0.0
2026-03-17T00:00:00+03:00,00:00,79.22,0.0,0,79.05,79.05
2026-03-17T01:00:00+03:00,01:00,112.5,0.0,0,112.5,67.0
2026-03-17T02:00:00+03:00,02:00,0.0,0.0,0,0.0,-22.0
2026-03-17T03:00:00+03:00,03:00,18.33,0.0,0,18.33,18.33
2026-03-17T04:00:00+03:00,04:00,0.0,0.0,0,0.0,0.0
2026-03-17T05:00:00+03:00,05:00,0.0,0.0,0,0.0,-287.94
2026-03-17T06:00:00+03:00,06:00,48.67,0.0,0,48.67,-211.6
2026-03-17T07:00:00+03:00,07:00,27.0,0.0,0,27.0,-1729.92
2026-03-17T08:00:00+03:00,08:00,0.0,1000.0,0,851.42,-1139.48
2026-03-17T09:00:00+03:00,09:00,0.0,1138.83,0,1135.08,-1085.98
2026-03-17T10:00:00+03:00,10:00,0.0,1793.37,0,1793.37,-1230.77
2026-03-17T11:00:00+03:00,11:00,23.33,2117.0,0,2127.95,-1105.2
2026-03-17T12:00:00+03:00,12:00,0.0,2113.0,0,2095.58,-1437.9
2026-03-17T13:00:00+03:00,13:00,0.0,2104.0,0,2087.68,-1089.73
2026-03-17T14:00:00+03:00,14:00,0.0,1901.0,0,1885.33,-1294.9
2026-03-17T15:00:00+03:00,15:00,70.5,1239.0,0,1303.76,-186.38
2026-03-17T16:00:00+03:00,16:00,77.5,1244.0,0,1304.31,-528.36
2026-03-17T17:00:00+03:00,17:00,534.27,373.72,0,905.58,-625.12
2026-03-17T18:00:00+03:00,18:00,484.33,0.0,0,403.41,347.13
2026-03-17T19:00:00+03:00,19:00,410.08,0.0,0,350.54,329.54
2026-03-17T20:00:00+03:00,20:00,83.0,0.0,0,66.69,66.69
2026-03-17T21:00:00+03:00,21:00,390.0,0.0,0,356.98,356.98
2026-03-17T22:00:00+03:00,22:00,0.0,0.0,0,0.0,0.0
2026-03-17T23:00:00+03:00,23:00,27.5,0.0,0,27.5,-77.9
2026-03-18T00:00:00+03:00,00:00,94.48,0.0,0,94.48,20.32
2026-03-18T01:00:00+03:00,01:00,0.0,0.0,0,0.0,-361.15
2026-03-18T02:00:00+03:00,02:00,0.0,0.0,0,0.0,-447.0
2026-03-18T03:00:00+03:00,03:00,172.72,0.0,0,98.49,-24.22
2026-03-18T04:00:00+03:00,04:00,31.0,0.0,0,31.0,31.0
2026-03-18T05:00:00+03:00,05:00,0.0,0.0,0,0.0,0.0
2026-03-18T06:00:00+03:00,06:00,0.0,0.0,0,0.0,-359.38
2026-03-18T07:00:00+03:00,07:00,0.0,0.0,0,0.0,-805.66
2026-03-18T08:00:00+03:00,08:00,0.0,600.0,0,600.0,-1585.51
2026-03-18T09:00:00+03:00,09:00,144.67,600.0,0,744.67,-1110.15
2026-03-18T10:00:00+03:00,10:00,0.0,600.0,0,600.0,-1013.9
2026-03-18T11:00:00+03:00,11:00,30.0,600.0,0,630.0,-1022.94
2026-03-18T12:00:00+03:00,12:00,31.5,767.63,0,799.13,-660.81
2026-03-18T13:00:00+03:00,13:00,71.25,934.8,0,943.89,12.19
2026-03-18T14:00:00+03:00,14:00,30.0,1388.5,0,1360.5,388.97
2026-03-18T15:00:00+03:00,15:00,140.0,1204.0,0,1344.0,223.76
2026-03-18T16:00:00+03:00,16:00,261.92,814.0,0,1075.92,-407.03
2026-03-18T17:00:00+03:00,17:00,796.63,0.0,0,574.27,574.27
2026-03-18T18:00:00+03:00,18:00,1001.0,0.0,0,964.72,955.97
2026-03-18T19:00:00+03:00,19:00,512.4,0.0,0,512.39,392.31
2026-03-18T20:00:00+03:00,20:00,0.0,0.0,0,0.0,-108.02
2026-03-18T21:00:00+03:00,21:00,0.0,0.0,0,0.0,-346.99
2026-03-18T22:00:00+03:00,22:00,0.0,0.0,0,0.0,-589.81
2026-03-18T23:00:00+03:00,23:00,0.0,0.0,0,0.0,-345.69
2026-03-19T00:00:00+03:00,00:00,680.48,0.0,0,670.5,606.33
2026-03-19T01:00:00+03:00,01:00,714.0,0.0,0,714.0,667.33
2026-03-19T02:00:00+03:00,02:00,559.5,0.0,0,559.5,559.5
2026-03-19T03:00:00+03:00,03:00,516.0,0.0,0,515.98,515.98
2026-03-19T04:00:00+03:00,04:00,349.67,0.0,0,349.27,349.27
2026-03-19T05:00:00+03:00,05:00,0.0,0.0,0,0.0,-175.5
2026-03-19T06:00:00+03:00,06:00,131.33,0.0,0,131.33,-234.53
2026-03-19T07:00:00+03:00,07:00,0.0,0.0,0,0.0,-1110.53
2026-03-19T08:00:00+03:00,08:00,0.0,0.0,0,0.0,-1392.94
2026-03-19T09:00:00+03:00,09:00,0.0,0.0,0,0.0,-938.17
2026-03-19T10:00:00+03:00,10:00,0.0,0.0,0,0.0,-927.33
2026-03-19T11:00:00+03:00,11:00,0.0,0.0,0,0.0,-730.13
2026-03-19T12:00:00+03:00,12:00,0.0,0.0,0,0.0,-369.99
2026-03-19T13:00:00+03:00,13:00,0.0,0.0,0,0.0,-612.31
2026-03-19T14:00:00+03:00,14:00,131.42,0.0,0,131.25,-733.59
2026-03-19T15:00:00+03:00,15:00,144.97,0.0,0,143.0,2.68
2026-03-19T16:00:00+03:00,16:00,538.0,0.0,0,537.01,537.01
2026-03-19T17:00:00+03:00,17:00,682.5,0.0,0,681.01,606.34
2026-03-19T18:00:00+03:00,18:00,831.43,0.0,0,797.67,714.06
2026-03-19T19:00:00+03:00,19:00,0.0,0.0,0,0.0,-107.48
2026-03-19T20:00:00+03:00,20:00,341.18,0.0,0,226.33,-44.27
2026-03-19T21:00:00+03:00,21:00,612.45,0.0,0,596.65,577.37
2026-03-19T22:00:00+03:00,22:00,690.22,212.35,0,882.16,735.65
2026-03-19T23:00:00+03:00,23:00,856.75,0.0,0,855.25,855.25
2026-03-20T00:00:00+03:00,00:00,1213.1,0.0,0,1153.57,1153.57
2026-03-20T01:00:00+03:00,01:00,1836.52,0.0,0,1799.02,1497.45
2026-03-20T02:00:00+03:00,02:00,1189.0,0.0,0,1175.51,1072.32
2026-03-20T03:00:00+03:00,03:00,1113.37,0.0,0,1065.94,968.11
2026-03-20T04:00:00+03:00,04:00,584.08,0.0,0,575.23,575.23
2026-03-20T05:00:00+03:00,05:00,341.7,0.0,0,337.16,337.16
2026-03-20T06:00:00+03:00,06:00,1052.48,0.0,0,1003.7,1003.7
2026-03-20T07:00:00+03:00,07:00,1325.93,0.0,0,1266.37,1266.37
2026-03-20T08:00:00+03:00,08:00,795.53,0.0,0,776.84,731.84
2026-03-20T09:00:00+03:00,09:00,421.32,0.0,0,416.74,341.49
2026-03-20T10:00:00+03:00,10:00,0.0,0.0,0,0.0,-214.03
2026-03-20T11:00:00+03:00,11:00,0.0,0.0,0,0.0,-311.92
2026-03-20T12:00:00+03:00,12:00,0.0,0.0,0,0.0,-877.97
2026-03-20T13:00:00+03:00,13:00,0.0,0.0,0,0.0,-771.99
2026-03-20T14:00:00+03:00,14:00,28.0,0.0,0,25.2,-1084.92
2026-03-20T15:00:00+03:00,15:00,29.77,0.0,0,21.74,-1592.43
2026-03-20T16:00:00+03:00,16:00,28.0,0.0,0,28.0,-951.25
2026-03-20T17:00:00+03:00,17:00,171.03,0.0,0,169.94,-382.02
2026-03-20T18:00:00+03:00,18:00,283.67,0.0,0,283.55,104.92
2026-03-20T19:00:00+03:00,19:00,829.0,0.0,0,797.09,797.09
2026-03-20T20:00:00+03:00,20:00,945.03,0.0,0,905.54,775.34
2026-03-20T21:00:00+03:00,21:00,907.25,0.0,0,842.18,840.23
2026-03-20T22:00:00+03:00,22:00,757.57,0.0,0,695.1,551.4
2026-03-20T23:00:00+03:00,23:00,646.5,0.0,0,597.55,400.96
2026-03-21T00:00:00+03:00,00:00,392.35,0.0,0,391.19,-172.48
2026-03-21T01:00:00+03:00,01:00,0.0,0.0,0,0.0,-380.54
2026-03-21T02:00:00+03:00,02:00,232.1,0.0,0,232.1,177.33
2026-03-21T03:00:00+03:00,03:00,364.45,0.0,0,363.48,363.48
2026-03-21T04:00:00+03:00,04:00,342.07,0.0,0,339.59,339.59
2026-03-21T05:00:00+03:00,05:00,384.02,0.0,0,378.53,378.53
2026-03-21T06:00:00+03:00,06:00,1172.9,0.0,0,1092.86,926.61
2026-03-21T07:00:00+03:00,07:00,178.19,0.0,0,165.29,-197.36
2026-03-21T08:00:00+03:00,08:00,0.0,0.0,0,0.0,-1329.05
2026-03-21T09:00:00+03:00,09:00,0.0,0.0,0,0.0,-2012.42
2026-03-21T10:00:00+03:00,10:00,0.0,0.0,0,0.0,-1668.75
2026-03-21T11:00:00+03:00,11:00,0.0,0.0,0,0.0,-879.79
2026-03-21T12:00:00+03:00,12:00,0.0,0.0,0,0.0,-586.56
2026-03-21T13:00:00+03:00,13:00,0.0,0.0,0,0.0,-769.75
2026-03-21T14:00:00+03:00,14:00,0.0,0.0,0,0.0,-1411.34
2026-03-21T15:00:00+03:00,15:00,0.0,0.0,0,0.0,-1729.64
2026-03-21T16:00:00+03:00,16:00,0.0,0.0,0,0.0,-1705.56
2026-03-21T17:00:00+03:00,17:00,81.5,0.0,0,81.5,-715.78
2026-03-21T18:00:00+03:00,18:00,0.0,0.0,0,0.0,-530.75
2026-03-21T19:00:00+03:00,19:00,138.45,0.0,0,137.98,-106.78
2026-03-21T20:00:00+03:00,20:00,102.35,0.0,0,102.14,-69.86
2026-03-21T21:00:00+03:00,21:00,126.0,0.0,0,126.0,74.25
2026-03-21T22:00:00+03:00,22:00,0.0,0.0,0,0.0,-149.22
2026-03-21T23:00:00+03:00,23:00,0.0,0.0,0,0.0,-121.33
2026-03-22T00:00:00+03:00,00:00,176.5,0.0,0,176.5,109.74
2026-03-22T01:00:00+03:00,01:00,21.0,0.0,0,21.0,-101.07
2026-03-22T02:00:00+03:00,02:00,0.0,0.0,0,0.0,-725.53
2026-03-22T03:00:00+03:00,03:00,0.0,0.0,0,0.0,-934.56
2026-03-22T04:00:00+03:00,04:00,0.0,0.0,0,0.0,-1142.69
2026-03-22T05:00:00+03:00,05:00,0.0,0.0,0,0.0,-1286.04
2026-03-22T06:00:00+03:00,06:00,0.0,0.0,0,0.0,-993.54
2026-03-22T07:00:00+03:00,07:00,0.0,0.0,0,0.0,-1447.59
2026-03-22T08:00:00+03:00,08:00,0.0,0.0,0,0.0,-1851.98
2026-03-22T09:00:00+03:00,09:00,0.0,0.0,0,0.0,-1527.16
2026-03-22T10:00:00+03:00,10:00,0.0,0.0,0,0.0,-612.16
2026-03-22T11:00:00+03:00,11:00,467.27,0.0,0,367.78,319.94
2026-03-22T12:00:00+03:00,12:00,1784.07,0.0,0,1379.48,1379.48
2026-03-22T13:00:00+03:00,13:00,1273.0,0.0,0,1163.68,1163.68
2026-03-22T14:00:00+03:00,14:00,495.47,0.0,0,477.56,477.56
2026-03-22T15:00:00+03:00,15:00,46.25,0.0,0,46.21,-939.31
2026-03-22T16:00:00+03:00,16:00,0.0,0.0,0,0.0,-1276.02
2026-03-22T17:00:00+03:00,17:00,273.03,0.0,0,272.03,-1476.2
2026-03-22T18:00:00+03:00,18:00,247.92,0.0,0,235.83,-200.8
2026-03-22T19:00:00+03:00,19:00,584.95,0.0,0,470.48,365.67
2026-03-22T20:00:00+03:00,20:00,741.94,0.0,0,719.37,669.87
2026-03-22T21:00:00+03:00,21:00,763.42,0.0,0,664.54,637.21
2026-03-22T22:00:00+03:00,22:00,647.2,0.0,0,526.47,419.85
2026-03-22T23:00:00+03:00,23:00,402.55,0.0,0,396.49,371.44
2026-03-23T00:00:00+03:00,00:00,0.0,0.0,0,0.0,-383.38
2026-03-23T01:00:00+03:00,01:00,67.5,0.0,0,67.5,-475.68
2026-03-23T02:00:00+03:00,02:00,0.0,0.0,0,0.0,-259.88
2026-03-23T03:00:00+03:00,03:00,0.0,0.0,0,0.0,-236.92
2026-03-23T04:00:00+03:00,04:00,0.0,0.0,0,0.0,-240.54
2026-03-23T05:00:00+03:00,05:00,27.5,0.0,0,27.5,-169.2
2026-03-23T06:00:00+03:00,06:00,115.95,0.0,0,103.89,84.27
2026-03-23T07:00:00+03:00,07:00,69.72,600.0,0,667.99,404.07
2026-03-23T08:00:00+03:00,08:00,1767.58,1842.05,0,2628.47,2267.14
2026-03-23T09:00:00+03:00,09:00,1039.75,2215.0,0,2912.65,2676.9
2026-03-23T10:00:00+03:00,10:00,214.0,2212.0,0,2262.25,2051.85
2026-03-23T11:00:00+03:00,11:00,27.2,2208.0,0,2221.28,1641.13
2026-03-23T12:00:00+03:00,12:00,0.0,2060.6,0,2060.6,937.58
2026-03-23T13:00:00+03:00,13:00,0.0,2194.0,0,2185.22,764.89
2026-03-23T14:00:00+03:00,14:00,49.0,2190.0,0,2233.18,1056.59
2026-03-23T15:00:00+03:00,15:00,0.0,2290.0,0,2283.77,-94.54
2026-03-23T16:00:00+03:00,16:00,208.0,2294.0,0,2498.01,1186.57
2026-03-23T17:00:00+03:00,17:00,439.22,1528.75,0,1956.97,1657.41
2026-03-23T18:00:00+03:00,18:00,165.75,728.33,0,887.59,529.08
2026-03-23T19:00:00+03:00,19:00,1360.13,0.0,0,1289.22,1289.22
2026-03-23T20:00:00+03:00,20:00,1048.92,0.0,0,1016.03,1016.03
2026-03-23T21:00:00+03:00,21:00,1670.62,0.0,0,1622.96,1584.46
2026-03-23T22:00:00+03:00,22:00,1948.92,0.0,0,1895.16,1833.12
2026-03-23T23:00:00+03:00,23:00,1671.17,0.0,0,1648.37,1425.96
2026-03-24T00:00:00+03:00,00:00,1464.7,0.0,0,1453.29,1095.46
2026-03-24T01:00:00+03:00,01:00,1443.77,0.0,0,1405.79,1118.08
2026-03-24T02:00:00+03:00,02:00,904.25,0.0,0,894.49,894.49
2026-03-24T03:00:00+03:00,03:00,128.8,0.0,0,104.66,-145.95
2026-03-24T04:00:00+03:00,04:00,720.83,0.0,0,652.93,652.93
2026-03-24T05:00:00+03:00,05:00,130.72,0.0,0,130.72,85.63
2026-03-24T06:00:00+03:00,06:00,305.23,0.0,0,272.56,62.54
2026-03-24T07:00:00+03:00,07:00,39.78,527.0,0,524.69,-365.32
2026-03-24T08:00:00+03:00,08:00,0.0,2229.0,0,2212.21,1528.96
2026-03-24T09:00:00+03:00,09:00,0.0,2913.73,0,2811.68,1931.15
2026-03-24T10:00:00+03:00,10:00,0.0,3328.33,0,3284.79,1334.61
2026-03-24T11:00:00+03:00,11:00,0.0,3385.0,0,3353.63,1190.86
2026-03-24T12:00:00+03:00,12:00,0.0,2899.0,0,2880.52,821.64
2026-03-24T13:00:00+03:00,13:00,178.33,2877.0,0,3040.66,129.74
2026-03-24T14:00:00+03:00,14:00,0.0,3090.33,0,3076.24,-356.61
2026-03-24T15:00:00+03:00,15:00,0.0,3080.0,0,3053.48,49.17
2026-03-24T16:00:00+03:00,16:00,0.0,3080.0,0,3061.05,226.81
2026-03-24T17:00:00+03:00,17:00,28.75,2700.67,0,2707.77,227.56
2026-03-24T18:00:00+03:00,18:00,0.0,1766.0,0,1748.32,-169.57
2026-03-24T19:00:00+03:00,19:00,51.67,1262.0,0,1295.61,1295.61
2026-03-24T20:00:00+03:00,20:00,16.5,1172.0,0,1170.38,915.52
2026-03-24T21:00:00+03:00,21:00,10.5,882.0,0,875.14,312.23
2026-03-24T22:00:00+03:00,22:00,69.67,399.73,0,469.4,208.71
2026-03-24T23:00:00+03:00,23:00,148.13,80.0,0,225.32,-101.84
2026-03-25T00:00:00+03:00,00:00,69.5,0.0,0,69.5,-816.26
2026-03-25T01:00:00+03:00,01:00,31.5,0.0,0,31.5,-1058.58
2026-03-25T02:00:00+03:00,02:00,0.0,0.0,0,0.0,-841.2
2026-03-25T03:00:00+03:00,03:00,0.0,0.0,0,0.0,-595.92
2026-03-25T04:00:00+03:00,04:00,0.0,0.0,0,0.0,-504.38
2026-03-25T05:00:00+03:00,05:00,0.0,0.0,0,0.0,-642.05
2026-03-25T06:00:00+03:00,06:00,131.28,0.0,0,125.45,-404.21
2026-03-25T07:00:00+03:00,07:00,0.0,820.0,0,693.86,-679.04
2026-03-25T08:00:00+03:00,08:00,0.0,1300.0,0,1300.0,-1266.97
2026-03-25T09:00:00+03:00,09:00,0.0,1300.0,0,1300.0,-1439.94
2026-03-25T10:00:00+03:00,10:00,0.0,1300.0,0,1300.0,-2476.43
2026-03-25T11:00:00+03:00,11:00,0.0,1300.0,0,1188.0,-1527.12
2026-03-25T12:00:00+03:00,12:00,0.0,900.0,0,900.0,-1418.55
2026-03-25T13:00:00+03:00,13:00,0.0,900.0,0,900.0,-1169.67
2026-03-25T14:00:00+03:00,14:00,0.0,900.0,0,900.0,-1858.07
2026-03-25T15:00:00+03:00,15:00,0.0,900.0,0,618.18,-2551.23
2026-03-25T16:00:00+03:00,16:00,56.35,600.0,0,645.43,-2326.62
2026-03-25T17:00:00+03:00,17:00,182.42,600.0,0,782.42,-1138.63
2026-03-25T18:00:00+03:00,18:00,125.42,500.0,0,574.35,-112.88
2026-03-25T19:00:00+03:00,19:00,1011.0,0.0,0,1011.0,1011.0
2026-03-25T20:00:00+03:00,20:00,620.17,0.0,0,620.17,591.75
2026-03-25T21:00:00+03:00,21:00,366.83,0.0,0,366.83,352.51
2026-03-25T22:00:00+03:00,22:00,230.73,0.0,0,230.38,187.37
2026-03-25T23:00:00+03:00,23:00,0.0,0.0,0,0.0,-109.7
2026-03-26T00:00:00+03:00,00:00,22.75,0.0,0,22.75,-184.62
2026-03-26T01:00:00+03:00,01:00,60.1,0.0,0,59.77,-90.99
2026-03-26T02:00:00+03:00,02:00,0.0,0.0,0,0.0,-54.0
2026-03-26T03:00:00+03:00,03:00,22.5,0.0,0,22.5,22.5
2026-03-26T04:00:00+03:00,04:00,0.0,0.0,0,0.0,0.0
2026-03-26T05:00:00+03:00,05:00,0.0,0.0,0,0.0,0.0
2026-03-26T06:00:00+03:00,06:00,98.0,0.0,0,98.0,64.41
2026-03-26T07:00:00+03:00,07:00,184.5,590.0,0,600.5,-195.04
2026-03-26T08:00:00+03:00,08:00,262.83,2252.0,0,2234.52,1051.99
2026-03-26T09:00:00+03:00,09:00,713.22,2897.15,0,3090.29,1998.06
2026-03-26T10:00:00+03:00,10:00,0.0,3167.92,0,2607.41,1021.17
2026-03-26T11:00:00+03:00,11:00,95.33,3272.0,0,3215.83,1161.35
2026-03-26T12:00:00+03:00,12:00,0.0,2458.37,0,2427.58,235.83
2026-03-26T13:00:00+03:00,13:00,90.72,1950.0,0,2015.91,-197.62
2026-03-26T14:00:00+03:00,14:00,111.67,1950.0,0,2041.67,-378.79
2026-03-26T15:00:00+03:00,15:00,0.0,1701.67,0,1686.67,-1084.76
2026-03-26T16:00:00+03:00,16:00,12.13,1445.0,0,1457.13,-1157.54
2026-03-26T17:00:00+03:00,17:00,57.25,1775.67,0,1832.92,-368.7
2026-03-26T18:00:00+03:00,18:00,122.33,1085.0,0,1207.33,101.47
2026-03-26T19:00:00+03:00,19:00,243.75,885.0,0,1124.14,842.38
2026-03-26T20:00:00+03:00,20:00,1865.0,0.0,0,1506.07,1093.64
2026-03-26T21:00:00+03:00,21:00,1434.92,0.0,0,1327.72,1048.62
2026-03-26T22:00:00+03:00,22:00,0.0,915.0,0,901.57,602.07
2026-03-26T23:00:00+03:00,23:00,784.0,402.08,0,1147.92,702.72
2026-03-27T00:00:00+03:00,00:00,0.0,500.0,0,500.0,-51.48
2026-03-27T01:00:00+03:00,01:00,0.0,408.33,0,406.29,171.22
2026-03-27T02:00:00+03:00,02:00,714.0,0.0,0,711.39,711.39
2026-03-27T03:00:00+03:00,03:00,747.17,0.0,0,746.21,746.21
2026-03-27T04:00:00+03:00,04:00,481.47,0.0,0,481.47,481.47
2026-03-27T05:00:00+03:00,05:00,500.65,0.0,0,488.95,488.95
2026-03-27T06:00:00+03:00,06:00,390.35,350.0,0,736.86,707.52
2026-03-27T07:00:00+03:00,07:00,0.0,1050.0,0,1050.0,596.75
2026-03-27T08:00:00+03:00,08:00,0.0,1750.0,0,1747.79,350.39
2026-03-27T09:00:00+03:00,09:00,0.0,2758.22,0,2324.39,278.57
2026-03-27T10:00:00+03:00,10:00,0.0,2974.17,0,2926.83,-463.55
2026-03-27T11:00:00+03:00,11:00,0.0,2030.2,0,1993.92,-1397.95
2026-03-27T12:00:00+03:00,12:00,0.0,1649.0,0,1609.68,-1789.34
2026-03-27T13:00:00+03:00,13:00,0.0,1593.33,0,1593.33,-3134.45
2026-03-27T14:00:00+03:00,14:00,21.0,1278.52,0,1209.12,-1888.29
2026-03-27T15:00:00+03:00,15:00,0.0,2064.0,0,1978.8,-1479.5
2026-03-27T16:00:00+03:00,16:00,56.93,1395.53,0,1449.6,-1379.56
2026-03-27T17:00:00+03:00,17:00,212.42,980.0,0,1192.42,-819.84
2026-03-27T18:00:00+03:00,18:00,26.25,980.0,0,1006.25,-713.58
2026-03-27T19:00:00+03:00,19:00,449.65,555.0,0,1004.65,847.21
2026-03-27T20:00:00+03:00,20:00,194.6,701.0,0,895.6,402.78
2026-03-27T21:00:00+03:00,21:00,0.0,425.0,0,423.18,-943.51
2026-03-27T22:00:00+03:00,22:00,0.0,0.0,0,0.0,-1181.02
2026-03-27T23:00:00+03:00,23:00,0.0,0.0,0,0.0,-1245.7
2026-03-28T00:00:00+03:00,00:00,128.4,0.0,0,127.64,-1079.63
2026-03-28T01:00:00+03:00,01:00,0.0,0.0,0,0.0,-895.22
2026-03-28T02:00:00+03:00,02:00,0.0,0.0,0,0.0,-418.97
2026-03-28T03:00:00+03:00,03:00,0.0,0.0,0,0.0,-370.74
2026-03-28T04:00:00+03:00,04:00,0.0,0.0,0,0.0,-403.61
2026-03-28T05:00:00+03:00,05:00,0.0,0.0,0,0.0,-370.04
2026-03-28T06:00:00+03:00,06:00,116.5,0.0,0,116.5,-640.73
2026-03-28T07:00:00+03:00,07:00,199.52,500.0,0,685.63,-194.79
2026-03-28T08:00:00+03:00,08:00,0.0,1000.0,0,1000.0,-344.94
2026-03-28T09:00:00+03:00,09:00,0.0,2524.39,0,1702.16,661.81
2026-03-28T10:00:00+03:00,10:00,0.0,4137.13,0,3118.58,1481.91
2026-03-28T11:00:00+03:00,11:00,0.0,4265.13,0,3790.63,1912.58
2026-03-28T12:00:00+03:00,12:00,0.0,4188.0,0,4147.44,1579.09
2026-03-28T13:00:00+03:00,13:00,39.05,4185.0,0,4195.22,950.97
2026-03-28T14:00:00+03:00,14:00,73.5,4193.0,0,4234.37,323.91
2026-03-28T15:00:00+03:00,15:00,18.67,3551.0,0,3564.07,-1604.98
2026-03-28T16:00:00+03:00,16:00,0.0,3491.0,0,3485.04,-1359.98
2026-03-28T17:00:00+03:00,17:00,0.0,3144.25,0,3138.07,-1051.98
2026-03-28T18:00:00+03:00,18:00,13.42,2074.0,0,2057.58,-690.76
2026-03-28T19:00:00+03:00,19:00,0.0,2051.0,0,2029.46,834.79
2026-03-28T20:00:00+03:00,20:00,0.0,2046.0,0,1903.31,736.35
2026-03-28T21:00:00+03:00,21:00,0.0,1929.0,0,1905.89,208.56
2026-03-28T22:00:00+03:00,22:00,14.6,1929.0,0,1911.04,488.27
2026-03-28T23:00:00+03:00,23:00,0.0,1833.0,0,1812.03,544.02
2026-03-29T00:00:00+03:00,00:00,0.0,895.58,0,895.58,307.46
2026-03-29T01:00:00+03:00,01:00,0.0,3097.0,0,1823.21,153.59
2026-03-29T02:00:00+03:00,02:00,0.0,2801.18,0,2352.18,397.05
2026-03-29T03:00:00+03:00,03:00,0.0,1505.0,0,1491.56,399.56
2026-03-29T04:00:00+03:00,04:00,0.0,1505.0,0,1492.73,316.83
2026-03-29T05:00:00+03:00,05:00,0.0,1505.0,0,1493.63,329.44
2026-03-29T06:00:00+03:00,06:00,49.0,1505.0,0,1539.95,230.83
2026-03-29T07:00:00+03:00,07:00,0.0,1443.37,0,1428.81,-341.01
2026-03-29T08:00:00+03:00,08:00,0.0,1239.87,0,1226.21,-841.33
2026-03-29T09:00:00+03:00,09:00,0.0,1003.0,0,984.28,-733.83
2026-03-29T10:00:00+03:00,10:00,0.0,942.5,0,924.03,-525.36
2026-03-29T11:00:00+03:00,11:00,0.0,1103.23,0,1006.96,504.35
2026-03-29T12:00:00+03:00,12:00,0.0,1424.0,0,1390.34,1052.3
2026-03-29T13:00:00+03:00,13:00,0.0,1738.0,0,1430.11,1331.15
2026-03-29T14:00:00+03:00,14:00,0.0,2575.0,0,1753.64,1389.91
2026-03-29T15:00:00+03:00,15:00,92.42,2284.33,0,2332.13,1158.14
2026-03-29T16:00:00+03:00,16:00,0.0,1753.05,0,1731.81,165.95
2026-03-29T17:00:00+03:00,17:00,87.67,1602.0,0,1671.01,-693.65
2026-03-29T18:00:00+03:00,18:00,81.08,1242.0,0,1303.89,-960.19
2026-03-29T19:00:00+03:00,19:00,439.47,233.33,0,672.8,348.84
2026-03-29T20:00:00+03:00,20:00,641.0,0.0,0,640.8,609.13
2026-03-29T21:00:00+03:00,21:00,119.72,408.33,0,528.05,-228.43
2026-03-29T22:00:00+03:00,22:00,0.0,175.0,0,156.68,-829.37
2026-03-29T23:00:00+03:00,23:00,34.92,0.0,0,34.92,-523.87
2026-03-30T00:00:00+03:00,00:00,28.42,0.0,0,27.6,-60.15
2026-03-30T01:00:00+03:00,01:00,234.57,0.0,0,227.18,195.51
2026-03-30T02:00:00+03:00,02:00,245.0,0.0,0,241.2,241.2
2026-03-30T03:00:00+03:00,03:00,75.25,0.0,0,75.25,75.25
2026-03-30T04:00:00+03:00,04:00,0.0,0.0,0,0.0,-237.83
2026-03-30T05:00:00+03:00,05:00,5.17,0.0,0,1.75,-301.85
2026-03-30T06:00:00+03:00,06:00,31.0,0.0,0,26.67,-487.43
2026-03-30T07:00:00+03:00,07:00,20.67,775.0,0,739.52,-639.64
2026-03-30T08:00:00+03:00,08:00,16.67,3242.07,0,2656.57,-175.53
2026-03-30T09:00:00+03:00,09:00,0.0,5236.78,0,4230.8,680.27
2026-03-30T10:00:00+03:00,10:00,0.0,5339.0,0,5090.67,1119.64
2026-03-30T11:00:00+03:00,11:00,0.0,5335.0,0,5298.97,901.24
2026-03-30T12:00:00+03:00,12:00,0.0,5106.4,0,5074.32,1134.44
2026-03-30T13:00:00+03:00,13:00,0.0,5046.0,0,5006.7,642.03
2026-03-30T14:00:00+03:00,14:00,28.0,5298.17,0,5267.05,786.95
2026-03-30T15:00:00+03:00,15:00,0.0,4062.0,0,4010.93,909.96
2026-03-30T16:00:00+03:00,16:00,55.1,3786.0,0,3754.69,1298.57
2026-03-30T17:00:00+03:00,17:00,1478.0,2239.0,0,3676.03,1839.14
2026-03-30T18:00:00+03:00,18:00,657.83,2071.0,0,2703.77,939.24
2026-03-30T19:00:00+03:00,19:00,16.5,2252.0,0,2260.45,541.4
2026-03-30T20:00:00+03:00,20:00,2406.33,0.0,0,2361.57,981.78
2026-03-30T21:00:00+03:00,21:00,1015.7,1690.82,0,2675.14,1226.68
2026-03-30T22:00:00+03:00,22:00,0.0,2500.33,0,2468.58,945.7
2026-03-30T23:00:00+03:00,23:00,0.0,2082.0,0,2059.26,812.86
2026-03-31T00:00:00+03:00,00:00,36.4,1834.0,0,1870.33,25.05
2026-03-31T01:00:00+03:00,01:00,16.0,2198.0,0,2203.66,615.14
2026-03-31T02:00:00+03:00,02:00,0.0,1508.63,0,1466.63,322.61
2026-03-31T03:00:00+03:00,03:00,57.33,0.0,0,57.33,-81.24
2026-03-31T04:00:00+03:00,04:00,220.9,0.0,0,217.73,217.73
2026-03-31T05:00:00+03:00,05:00,668.87,0.0,0,493.46,493.46
2026-03-31T06:00:00+03:00,06:00,951.03,0.0,0,797.95,497.59
2026-03-31T07:00:00+03:00,07:00,0.0,1145.0,0,889.0,-490.29
2026-03-31T08:00:00+03:00,08:00,311.27,2958.33,0,3255.81,684.88
2026-03-31T09:00:00+03:00,09:00,0.0,3737.97,0,3734.58,-233.44
2026-03-31T10:00:00+03:00,10:00,120.15,3198.6,0,3283.36,-1201.51
2026-03-31T11:00:00+03:00,11:00,0.0,4090.0,0,4065.74,-279.89
2026-03-31T12:00:00+03:00,12:00,0.0,4080.52,0,4016.02,-1155.35
2026-03-31T13:00:00+03:00,13:00,0.0,3868.0,0,3868.0,-912.2
2026-03-31T14:00:00+03:00,14:00,0.0,3324.77,0,3301.37,-342.72
2026-03-31T15:00:00+03:00,15:00,0.0,3279.0,0,3265.14,-549.32
2026-03-31T16:00:00+03:00,16:00,0.0,3488.97,0,3476.89,390.35
2026-03-31T17:00:00+03:00,17:00,0.0,3916.0,0,3864.03,559.32
2026-03-31T18:00:00+03:00,18:00,0.0,3482.83,0,3441.82,-217.18
2026-03-31T19:00:00+03:00,19:00,0.0,1635.0,0,1635.0,-327.65
2026-03-31T20:00:00+03:00,20:00,0.0,1635.0,0,1635.0,345.28
2026-03-31T21:00:00+03:00,21:00,0.0,2116.67,0,2116.67,16.56
2026-03-31T22:00:00+03:00,22:00,0.0,1795.0,0,1795.0,-160.69
2026-03-31T23:00:00+03:00,23:00,0.0,1608.08,0,1591.58,321.42
2026-04-01T00:00:00+03:00,00:00,0.0,1266.33,0,1266.33,-765.42
2026-04-01T01:00:00+03:00,01:00,0.0,1133.0,0,1133.0,-281.83
2026-04-01T02:00:00+03:00,02:00,0.0,0.0,0,0.0,-1093.49
2026-04-01T03:00:00+03:00,03:00,92.0,0.0,0,92.0,-601.66
2026-04-01T04:00:00+03:00,04:00,0.0,0.0,0,0.0,-708.5
2026-04-01T05:00:00+03:00,05:00,0.0,609.0,0,423.0,-408.08
2026-04-01T06:00:00+03:00,06:00,78.75,949.6,0,873.25,-165.33
2026-04-01T07:00:00+03:00,07:00,0.0,2023.55,0,1971.81,71.51
2026-04-01T08:00:00+03:00,08:00,0.0,3722.5,0,3304.99,-618.1
2026-04-01T09:00:00+03:00,09:00,0.0,3911.17,0,3877.76,-2488.39
2026-04-01T10:00:00+03:00,10:00,0.0,3328.07,0,3310.59,-2800.27
2026-04-01T11:00:00+03:00,11:00,52.5,3952.0,0,3938.17,-2204.08
2026-04-01T12:00:00+03:00,12:00,0.0,4022.6,0,3840.89,-922.17
2026-04-01T13:00:00+03:00,13:00,0.0,3570.27,0,3546.68,85.67
2026-04-01T14:00:00+03:00,14:00,135.67,3331.0,0,3437.33,907.94
2026-04-01T15:00:00+03:00,15:00,58.0,3232.0,0,3268.44,894.87
2026-04-01T16:00:00+03:00,16:00,27.08,2959.0,0,2973.23,1133.22
2026-04-01T17:00:00+03:00,17:00,0.0,2567.7,0,2547.16,371.53
2026-04-01T18:00:00+03:00,18:00,0.0,1039.52,0,1039.52,-1192.61
2026-04-01T19:00:00+03:00,19:00,0.0,0.0,0,0.0,-568.24
2026-04-01T20:00:00+03:00,20:00,0.0,0.0,0,0.0,-390.0
2026-04-01T21:00:00+03:00,21:00,0.0,0.0,0,0.0,-937.8
2026-04-01T22:00:00+03:00,22:00,0.0,0.0,0,0.0,-607.96
2026-04-01T23:00:00+03:00,23:00,0.0,0.0,0,0.0,-350.98
2026-04-02T00:00:00+03:00,00:00,38.5,0.0,0,38.5,-233.05
2026-04-02T01:00:00+03:00,01:00,28.17,0.0,0,28.17,-117.63
2026-04-02T02:00:00+03:00,02:00,0.0,0.0,0,0.0,-315.5
2026-04-02T03:00:00+03:00,03:00,0.0,0.0,0,0.0,-673.64
2026-04-02T04:00:00+03:00,04:00,0.0,0.0,0,0.0,-1282.81
2026-04-02T05:00:00+03:00,05:00,0.0,0.0,0,0.0,-1237.73
2026-04-02T06:00:00+03:00,06:00,114.92,0.0,0,114.92,-1162.85
2026-04-02T07:00:00+03:00,07:00,0.0,0.0,0,0.0,-1518.95
2026-04-02T08:00:00+03:00,08:00,0.0,1512.0,0,1512.0,-1209.62
2026-04-02T09:00:00+03:00,09:00,0.0,1704.0,0,1698.0,-311.81
2026-04-02T10:00:00+03:00,10:00,0.0,1703.0,0,1699.0,-447.57
2026-04-02T11:00:00+03:00,11:00,0.0,1853.0,0,1847.0,541.54
2026-04-02T12:00:00+03:00,12:00,0.0,1702.0,0,1697.0,481.29
2026-04-02T13:00:00+03:00,13:00,0.0,1918.0,0,1918.0,-409.14
2026-04-02T14:00:00+03:00,14:00,0.0,2181.0,0,2178.0,-894.26
2026-04-02T15:00:00+03:00,15:00,0.0,1758.0,0,1758.0,-1845.98
2026-04-02T16:00:00+03:00,16:00,0.0,1512.0,0,1512.0,-1792.15
2026-04-02T17:00:00+03:00,17:00,90.07,1513.0,0,1603.07,-1517.93
2026-04-02T18:00:00+03:00,18:00,0.0,1195.0,0,1193.0,-594.68
2026-04-02T19:00:00+03:00,19:00,44.35,1266.0,0,1305.19,269.34
2026-04-02T20:00:00+03:00,20:00,582.23,933.73,0,1377.77,555.88
2026-04-02T21:00:00+03:00,21:00,0.0,1127.0,0,1124.0,398.46
2026-04-02T22:00:00+03:00,22:00,0.0,1171.0,0,1169.0,348.61
2026-04-02T23:00:00+03:00,23:00,0.0,1090.5,0,1090.5,410.3
2026-04-03T00:00:00+03:00,00:00,590.58,322.85,0,858.24,431.58
2026-04-03T01:00:00+03:00,01:00,697.35,0.0,0,675.35,454.18
2026-04-03T02:00:00+03:00,02:00,3.95,0.0,0,3.95,-418.68
2026-04-03T03:00:00+03:00,03:00,0.0,0.0,0,0.0,-729.13
2026-04-03T04:00:00+03:00,04:00,0.0,0.0,0,0.0,-627.0
2026-04-03T05:00:00+03:00,05:00,38.33,0.0,0,38.33,-267.67
2026-04-03T06:00:00+03:00,06:00,407.88,0.0,0,406.06,297.53
2026-04-03T07:00:00+03:00,07:00,427.47,0.0,0,357.95,274.34
2026-04-03T08:00:00+03:00,08:00,2161.98,502.63,0,1850.5,1833.8
2026-04-03T09:00:00+03:00,09:00,1150.62,1253.5,0,2325.52,1825.15
2026-04-03T10:00:00+03:00,10:00,0.0,2088.0,0,2088.0,791.48
2026-04-03T11:00:00+03:00,11:00,0.0,2171.33,0,2153.33,884.33
2026-04-03T12:00:00+03:00,12:00,0.0,2064.67,0,2062.67,1162.41
2026-04-03T13:00:00+03:00,13:00,41.73,1633.0,0,1670.73,-369.79
2026-04-03T14:00:00+03:00,14:00,0.0,1869.67,0,1843.67,551.48
2026-04-03T15:00:00+03:00,15:00,0.0,2003.0,0,1998.0,317.25
2026-04-03T16:00:00+03:00,16:00,0.0,2556.33,0,2357.75,525.29
2026-04-03T17:00:00+03:00,17:00,0.0,1922.73,0,1922.73,-224.82
2026-04-03T18:00:00+03:00,18:00,0.0,1481.0,0,1481.0,306.87
2026-04-03T19:00:00+03:00,19:00,37.33,958.0,0,995.33,527.68
2026-04-03T20:00:00+03:00,20:00,775.0,225.0,0,964.13,494.98
2026-04-03T21:00:00+03:00,21:00,555.68,342.5,0,898.18,378.31
2026-04-03T22:00:00+03:00,22:00,206.37,500.0,0,706.37,-43.17
2026-04-03T23:00:00+03:00,23:00,0.0,500.0,0,500.0,28.74
2026-04-04T00:00:00+03:00,00:00,103.33,91.67,0,189.89,-108.34
2026-04-04T01:00:00+03:00,01:00,74.75,0.0,0,74.75,-205.0
2026-04-04T02:00:00+03:00,02:00,97.03,0.0,0,97.03,-54.97
2026-04-04T03:00:00+03:00,03:00,22.0,0.0,0,22.0,-113.91
2026-04-04T04:00:00+03:00,04:00,216.95,0.0,0,151.67,133.41
2026-04-04T05:00:00+03:00,05:00,475.98,0.0,0,451.04,451.04
2026-04-04T06:00:00+03:00,06:00,473.93,0.0,0,469.18,190.61
2026-04-04T07:00:00+03:00,07:00,57.75,800.0,0,836.74,-713.59
2026-04-04T08:00:00+03:00,08:00,16.5,1393.0,0,1409.0,-640.81
2026-04-04T09:00:00+03:00,09:00,0.0,2206.4,0,2138.11,-197.32
2026-04-04T10:00:00+03:00,10:00,0.0,2683.37,0,2653.3,-600.97
2026-04-04T11:00:00+03:00,11:00,0.0,3650.0,0,3601.01,-124.43
2026-04-04T12:00:00+03:00,12:00,0.0,3034.2,0,2998.61,-1001.0
2026-04-04T13:00:00+03:00,13:00,0.0,2427.0,0,2390.28,-1408.27
2026-04-04T14:00:00+03:00,14:00,27.5,2427.0,0,2398.47,-1418.68
2026-04-04T15:00:00+03:00,15:00,20.0,2427.0,0,2408.24,-1676.04
2026-04-04T16:00:00+03:00,16:00,15.75,2427.0,0,2398.75,-2169.86
2026-04-04T17:00:00+03:00,17:00,0.0,2377.0,0,2334.88,-2686.1
2026-04-04T18:00:00+03:00,18:00,51.67,2474.0,0,2468.56,-204.92
2026-04-04T19:00:00+03:00,19:00,0.0,1747.35,0,1689.45,336.59
2026-04-04T20:00:00+03:00,20:00,5.17,2080.4,0,2041.46,1518.78
2026-04-04T21:00:00+03:00,21:00,0.0,1476.0,0,1433.69,789.32
2026-04-04T22:00:00+03:00,22:00,0.0,1120.0,0,1080.35,247.12
2026-04-04T23:00:00+03:00,23:00,690.55,234.58,0,847.09,64.71
2026-04-05T00:00:00+03:00,00:00,248.93,0.0,0,125.82,-366.64
2026-04-05T01:00:00+03:00,01:00,1140.82,0.0,0,1000.47,681.22
2026-04-05T02:00:00+03:00,02:00,375.65,0.0,0,374.4,330.25
2026-04-05T03:00:00+03:00,03:00,244.42,0.0,0,243.62,243.62
2026-04-05T04:00:00+03:00,04:00,125.94,0.0,0,124.94,124.94
2026-04-05T05:00:00+03:00,05:00,0.0,0.0,0,0.0,-2.13
2026-04-05T06:00:00+03:00,06:00,362.63,0.0,0,329.44,-52.89
2026-04-05T07:00:00+03:00,07:00,0.0,0.0,0,0.0,-813.68
2026-04-05T08:00:00+03:00,08:00,0.0,0.0,0,0.0,-2227.65
2026-04-05T09:00:00+03:00,09:00,0.0,0.0,0,0.0,-3512.9
2026-04-05T10:00:00+03:00,10:00,0.0,0.0,0,0.0,-4250.22
2026-04-05T11:00:00+03:00,11:00,0.0,0.0,0,0.0,-4667.33
2026-04-05T12:00:00+03:00,12:00,0.0,0.0,0,0.0,-4914.26
2026-04-05T13:00:00+03:00,13:00,0.0,0.0,0,0.0,-4635.86
2026-04-05T14:00:00+03:00,14:00,0.0,0.0,0,0.0,-4942.14
2026-04-05T15:00:00+03:00,15:00,0.0,0.0,0,0.0,-4212.97
2026-04-05T16:00:00+03:00,16:00,0.0,0.0,0,0.0,-4253.19
2026-04-05T17:00:00+03:00,17:00,11.42,0.0,0,11.42,-1896.28
2026-04-05T18:00:00+03:00,18:00,17.77,0.0,0,16.45,-1176.65
2026-04-05T19:00:00+03:00,19:00,652.08,0.0,0,280.03,-168.82
2026-04-05T20:00:00+03:00,20:00,904.8,0.0,0,747.22,414.79
2026-04-05T21:00:00+03:00,21:00,0.0,0.0,0,0.0,-936.32
2026-04-05T22:00:00+03:00,22:00,49.08,0.0,0,49.08,-197.39
2026-04-05T23:00:00+03:00,23:00,0.0,0.0,0,0.0,-105.07
2026-04-06T00:00:00+03:00,00:00,185.37,0.0,0,184.07,-125.57
2026-04-06T01:00:00+03:00,01:00,114.6,0.0,0,114.6,-206.35
2026-04-06T02:00:00+03:00,02:00,0.0,0.0,0,0.0,-532.22
2026-04-06T03:00:00+03:00,03:00,0.0,0.0,0,0.0,-497.94
2026-04-06T04:00:00+03:00,04:00,0.0,0.0,0,0.0,-591.21
2026-04-06T05:00:00+03:00,05:00,0.0,0.0,0,0.0,-330.17
2026-04-06T06:00:00+03:00,06:00,0.0,0.0,0,0.0,-283.67
2026-04-06T07:00:00+03:00,07:00,0.0,1185.0,0,757.62,-307.59
2026-04-06T08:00:00+03:00,08:00,0.0,3330.0,0,3022.19,-483.94
2026-04-06T09:00:00+03:00,09:00,0.0,3112.08,0,3109.08,-1497.84
2026-04-06T10:00:00+03:00,10:00,0.0,2490.0,0,2490.0,-2755.61
2026-04-06T11:00:00+03:00,11:00,0.0,2490.0,0,2490.0,-2240.43
2026-04-06T12:00:00+03:00,12:00,0.0,2490.0,0,2490.0,-2196.26
2026-04-06T13:00:00+03:00,13:00,0.0,2550.0,0,2550.0,-1603.06
2026-04-06T14:00:00+03:00,14:00,0.0,2721.0,0,2721.0,-881.23
2026-04-06T15:00:00+03:00,15:00,0.0,2550.0,0,2550.0,-1076.94
2026-04-06T16:00:00+03:00,16:00,0.0,2570.0,0,2570.0,-1538.34
2026-04-06T17:00:00+03:00,17:00,0.0,2590.0,0,2590.0,-1731.6
2026-04-06T18:00:00+03:00,18:00,0.0,2350.0,0,2350.0,-1071.46
2026-04-06T19:00:00+03:00,19:00,38.75,1745.33,0,1780.75,-542.86
2026-04-06T20:00:00+03:00,20:00,0.0,1780.0,0,1774.7,562.13
2026-04-06T21:00:00+03:00,21:00,0.0,2060.67,0,2060.67,564.83
2026-04-06T22:00:00+03:00,22:00,0.0,1650.17,0,1650.17,-42.7
2026-04-06T23:00:00+03:00,23:00,0.0,1160.17,0,1160.17,-488.19
2026-04-07T00:00:00+03:00,00:00,0.0,0.0,0,0.0,-1311.89
2026-04-07T01:00:00+03:00,01:00,601.67,0.0,0,372.58,10.44
2026-04-07T02:00:00+03:00,02:00,425.37,0.0,0,412.94,302.69
2026-04-07T03:00:00+03:00,03:00,0.0,0.0,0,0.0,0.0
2026-04-07T04:00:00+03:00,04:00,219.03,0.0,0,216.99,216.99
2026-04-07T05:00:00+03:00,05:00,204.0,0.0,0,202.48,202.48
2026-04-07T06:00:00+03:00,06:00,171.3,0.0,0,171.08,49.41
2026-04-07T07:00:00+03:00,07:00,0.0,580.0,0,577.22,-143.61
2026-04-07T08:00:00+03:00,08:00,0.0,2550.87,0,2474.45,-16.18
2026-04-07T09:00:00+03:00,09:00,0.0,4022.73,0,3771.1,94.19
2026-04-07T10:00:00+03:00,10:00,0.0,3269.35,0,3269.35,-741.42
2026-04-07T11:00:00+03:00,11:00,87.5,3057.0,0,3111.0,-630.84
2026-04-07T12:00:00+03:00,12:00,0.0,2902.0,0,2876.5,-652.57
2026-04-07T13:00:00+03:00,13:00,0.0,2468.0,0,2468.0,-590.77
2026-04-07T14:00:00+03:00,14:00,121.92,2542.0,0,2663.92,-65.01
2026-04-07T15:00:00+03:00,15:00,0.0,2704.0,0,2704.0,-964.84
2026-04-07T16:00:00+03:00,16:00,0.0,2702.0,0,2702.0,-1878.01
2026-04-07T17:00:00+03:00,17:00,0.0,2575.0,0,2575.0,-1757.05
2026-04-07T18:00:00+03:00,18:00,7.0,2610.52,0,2617.52,-724.76
2026-04-07T19:00:00+03:00,19:00,38.75,2149.0,0,2160.46,-51.55
2026-04-07T20:00:00+03:00,20:00,0.0,2207.0,0,2190.37,385.54
2026-04-07T21:00:00+03:00,21:00,0.0,2058.0,0,2057.62,65.52
2026-04-07T22:00:00+03:00,22:00,0.0,1898.5,0,1894.67,2.75
2026-04-07T23:00:00+03:00,23:00,0.0,819.13,0,818.54,-339.26
2026-04-08T00:00:00+03:00,00:00,0.0,0.0,0,0.0,-1176.54
2026-04-08T01:00:00+03:00,01:00,0.0,0.0,0,0.0,-687.55
2026-04-08T02:00:00+03:00,02:00,0.0,0.0,0,0.0,-94.67
2026-04-08T03:00:00+03:00,03:00,0.0,0.0,0,0.0,-251.0
2026-04-08T04:00:00+03:00,04:00,0.0,0.0,0,0.0,-414.64
2026-04-08T05:00:00+03:00,05:00,0.0,0.0,0,0.0,-441.76
2026-04-08T06:00:00+03:00,06:00,0.0,0.0,0,0.0,-269.06
2026-04-08T07:00:00+03:00,07:00,21.75,350.0,0,365.5,-398.82
2026-04-08T08:00:00+03:00,08:00,0.0,2058.02,0,1808.86,665.36
2026-04-08T09:00:00+03:00,09:00,0.0,3624.0,0,3212.03,1482.72
2026-04-08T10:00:00+03:00,10:00,0.0,3645.0,0,3581.7,1490.89
2026-04-08T11:00:00+03:00,11:00,0.0,2994.22,0,2991.16,902.53
2026-04-08T12:00:00+03:00,12:00,0.0,2038.0,0,2038.0,176.16
2026-04-08T13:00:00+03:00,13:00,0.0,2040.0,0,2040.0,144.11
2026-04-08T14:00:00+03:00,14:00,106.5,2130.0,0,2236.5,1307.4
2026-04-08T15:00:00+03:00,15:00,6.0,2131.0,0,2137.0,932.99
2026-04-08T16:00:00+03:00,16:00,149.35,2234.75,0,2317.6,762.1
2026-04-08T17:00:00+03:00,17:00,0.0,2782.0,0,2718.46,-39.74
2026-04-08T18:00:00+03:00,18:00,0.0,1963.0,0,1959.35,-624.52
2026-04-08T19:00:00+03:00,19:00,12.92,1291.33,0,1304.25,-912.25
2026-04-08T20:00:00+03:00,20:00,0.0,947.0,0,947.0,-960.73
2026-04-08T21:00:00+03:00,21:00,15.5,903.0,0,918.5,-1102.65
2026-04-08T22:00:00+03:00,22:00,0.0,1106.08,0,1049.29,-812.8
2026-04-08T23:00:00+03:00,23:00,0.0,860.72,0,860.72,-268.95
2026-04-09T00:00:00+03:00,00:00,5.1,480.0,0,485.1,-917.26
2026-04-09T01:00:00+03:00,01:00,78.43,368.0,0,445.55,-155.53
2026-04-09T02:00:00+03:00,02:00,153.6,0.0,0,152.68,-430.32
2026-04-09T03:00:00+03:00,03:00,19.5,0.0,0,19.5,-377.5
2026-04-09T04:00:00+03:00,04:00,83.57,0.0,0,73.79,-137.64
2026-04-09T05:00:00+03:00,05:00,1171.59,0.0,0,644.94,268.0
2026-04-09T06:00:00+03:00,06:00,1132.55,0.0,0,1109.04,348.54
2026-04-09T07:00:00+03:00,07:00,483.98,810.58,0,1281.28,260.17
2026-04-09T08:00:00+03:00,08:00,447.17,4336.63,0,3907.6,1712.2
2026-04-09T09:00:00+03:00,09:00,0.0,4097.0,0,4085.63,1270.28
2026-04-09T10:00:00+03:00,10:00,0.0,4227.75,0,4115.9,414.5
2026-04-09T11:00:00+03:00,11:00,0.0,4986.22,0,4866.57,543.29
2026-04-09T12:00:00+03:00,12:00,0.0,4174.0,0,4151.88,-554.36
2026-04-09T13:00:00+03:00,13:00,10.25,4172.0,0,4147.03,528.7
2026-04-09T14:00:00+03:00,14:00,64.75,5109.0,0,4839.16,1888.59
2026-04-09T15:00:00+03:00,15:00,51.0,4318.83,0,4369.83,879.0
2026-04-09T16:00:00+03:00,16:00,252.88,4296.0,0,4504.34,1320.39
2026-04-09T17:00:00+03:00,17:00,0.0,3159.0,0,3129.8,860.09
2026-04-09T18:00:00+03:00,18:00,0.0,2931.0,0,2903.51,1772.62
2026-04-09T19:00:00+03:00,19:00,0.0,1136.0,0,1136.0,678.0
2026-04-09T20:00:00+03:00,20:00,1267.0,0.0,0,1155.82,725.26
2026-04-09T21:00:00+03:00,21:00,442.23,1269.75,0,1656.98,558.54
2026-04-09T22:00:00+03:00,22:00,0.0,3070.5,0,3009.46,1069.62
2026-04-09T23:00:00+03:00,23:00,0.0,3254.0,0,3190.68,685.48
2026-04-10T00:00:00+03:00,00:00,24.5,2234.75,0,2237.25,-256.4
2026-04-10T01:00:00+03:00,01:00,151.43,727.0,0,876.51,-759.87
2026-04-10T02:00:00+03:00,02:00,101.67,93.33,0,195.0,-143.59
2026-04-10T03:00:00+03:00,03:00,0.0,0.0,0,0.0,0.0
2026-04-10T04:00:00+03:00,04:00,73.97,0.0,0,43.07,43.07
2026-04-10T05:00:00+03:00,05:00,0.0,350.0,0,350.0,301.92
2026-04-10T06:00:00+03:00,06:00,45.5,350.0,0,391.5,211.02
2026-04-10T07:00:00+03:00,07:00,0.0,1430.0,0,1189.0,633.0
2026-04-10T08:00:00+03:00,08:00,0.0,3056.8,0,3027.4,918.85
2026-04-10T09:00:00+03:00,09:00,0.0,3869.0,0,3864.47,743.22
2026-04-10T10:00:00+03:00,10:00,0.0,3483.67,0,3483.67,474.38
2026-04-10T11:00:00+03:00,11:00,42.0,3466.65,0,3508.65,659.2
2026-04-10T12:00:00+03:00,12:00,0.0,3344.0,0,3323.0,-102.33
2026-04-10T13:00:00+03:00,13:00,0.0,3094.0,0,3094.0,-327.58
2026-04-10T14:00:00+03:00,14:00,55.93,4327.97,0,4274.01,435.52
2026-04-10T15:00:00+03:00,15:00,0.0,4617.0,0,4542.55,206.36
2026-04-10T16:00:00+03:00,16:00,57.2,4755.33,0,4788.17,104.79
2026-04-10T17:00:00+03:00,17:00,85.5,4236.0,0,4319.21,380.28
2026-04-10T18:00:00+03:00,18:00,0.0,3178.0,0,3176.4,150.45
2026-04-10T19:00:00+03:00,19:00,0.0,1973.0,0,1926.69,833.59
2026-04-10T20:00:00+03:00,20:00,0.0,1792.0,0,1749.67,-121.88
2026-04-10T21:00:00+03:00,21:00,0.0,2828.0,0,2785.44,121.81
2026-04-10T22:00:00+03:00,22:00,0.0,2618.0,0,2575.34,361.18
2026-04-10T23:00:00+03:00,23:00,0.0,2468.0,0,2425.01,465.75
2026-04-11T00:00:00+03:00,00:00,0.0,2880.0,0,2815.37,936.65
2026-04-11T01:00:00+03:00,01:00,0.0,2761.0,0,2757.84,854.88
2026-04-11T02:00:00+03:00,02:00,0.0,2567.67,0,2565.73,1158.73
2026-04-11T03:00:00+03:00,03:00,0.0,1932.0,0,1932.0,553.18
2026-04-11T04:00:00+03:00,04:00,0.0,2332.0,0,2320.96,919.66
2026-04-11T05:00:00+03:00,05:00,0.0,2154.0,0,2151.33,553.94
2026-04-11T06:00:00+03:00,06:00,0.0,1961.0,0,1957.37,247.34
2026-04-11T07:00:00+03:00,07:00,0.0,2064.0,0,2064.0,75.68
2026-04-11T08:00:00+03:00,08:00,0.0,3224.83,0,2842.0,1582.14
2026-04-11T09:00:00+03:00,09:00,0.0,3316.67,0,3316.67,1274.2
2026-04-11T10:00:00+03:00,10:00,0.0,2994.0,0,2991.36,235.27
2026-04-11T11:00:00+03:00,11:00,0.0,2832.9,0,2829.9,77.64
2026-04-11T12:00:00+03:00,12:00,0.0,2654.0,0,2654.0,-970.07
2026-04-11T13:00:00+03:00,13:00,0.0,2362.07,0,2362.07,-1425.88
2026-04-11T14:00:00+03:00,14:00,0.0,2050.0,0,2050.0,-800.99
2026-04-11T15:00:00+03:00,15:00,0.0,2050.0,0,2050.0,-595.33
2026-04-11T16:00:00+03:00,16:00,0.0,2050.0,0,2050.0,-1272.49
2026-04-11T17:00:00+03:00,17:00,101.5,2263.43,0,2332.7,-199.94
2026-04-11T18:00:00+03:00,18:00,19.25,2567.8,0,2524.14,484.35
2026-04-11T19:00:00+03:00,19:00,438.42,949.92,0,1340.34,944.67
2026-04-11T20:00:00+03:00,20:00,1099.5,281.0,0,1335.74,1055.52
2026-04-11T21:00:00+03:00,21:00,96.12,1909.0,0,1958.05,1676.63
2026-04-11T22:00:00+03:00,22:00,0.0,2615.0,0,2566.9,1393.1
2026-04-11T23:00:00+03:00,23:00,0.0,2815.0,0,2766.65,902.15
2026-04-12T00:00:00+03:00,00:00,0.0,2812.0,0,2763.2,581.88
2026-04-12T01:00:00+03:00,01:00,0.0,2758.0,0,2755.32,610.33
2026-04-12T02:00:00+03:00,02:00,0.0,2645.08,0,2641.79,488.59
2026-04-12T03:00:00+03:00,03:00,0.0,1953.83,0,1950.52,-143.28
2026-04-12T04:00:00+03:00,04:00,0.0,1597.25,0,1597.25,-124.09
2026-04-12T05:00:00+03:00,05:00,116.83,1773.0,0,1872.74,167.83
2026-04-12T06:00:00+03:00,06:00,31.5,1773.0,0,1802.39,579.15
2026-04-12T07:00:00+03:00,07:00,0.0,1629.67,0,1629.67,870.28
2026-04-12T08:00:00+03:00,08:00,31.5,1103.0,0,1134.5,-484.41
2026-04-12T09:00:00+03:00,09:00,0.0,742.0,0,742.0,-1505.68
2026-04-12T10:00:00+03:00,10:00,0.0,621.0,0,621.0,-2990.81
2026-04-12T11:00:00+03:00,11:00,0.0,620.0,0,620.0,-2507.86
2026-04-12T12:00:00+03:00,12:00,0.0,296.3,0,296.3,-2812.52
2026-04-12T13:00:00+03:00,13:00,0.0,0.0,0,0.0,-2472.76
2026-04-12T14:00:00+03:00,14:00,0.0,0.0,0,0.0,-2216.41
2026-04-12T15:00:00+03:00,15:00,0.0,600.0,0,600.0,-2557.2
2026-04-12T16:00:00+03:00,16:00,0.0,1550.0,0,1550.0,-2539.63
2026-04-12T17:00:00+03:00,17:00,79.25,1550.0,0,1629.25,-1287.33
2026-04-12T18:00:00+03:00,18:00,0.0,1550.0,0,1550.0,-919.44
2026-04-12T19:00:00+03:00,19:00,51.67,2086.33,0,2039.23,600.33
2026-04-12T20:00:00+03:00,20:00,0.0,2355.0,0,2350.02,1368.89
2026-04-12T21:00:00+03:00,21:00,0.0,2456.25,0,2454.38,763.57
2026-04-12T22:00:00+03:00,22:00,0.0,2568.0,0,2565.05,849.73
2026-04-12T23:00:00+03:00,23:00,0.0,2229.92,0,2228.55,935.94
2026-04-13T00:00:00+03:00,00:00,0.0,1608.83,0,1608.83,486.68
2026-04-13T01:00:00+03:00,01:00,0.0,1310.0,0,1310.0,492.15
2026-04-13T02:00:00+03:00,02:00,0.0,686.0,0,683.54,247.62
2026-04-13T03:00:00+03:00,03:00,35.43,210.0,0,245.15,34.15
2026-04-13T04:00:00+03:00,04:00,0.0,0.0,0,0.0,0.0
2026-04-13T05:00:00+03:00,05:00,0.0,0.0,0,0.0,0.0
2026-04-13T06:00:00+03:00,06:00,181.2,350.0,0,527.41,200.23
2026-04-13T07:00:00+03:00,07:00,0.0,1660.0,0,1423.0,-372.81
2026-04-13T08:00:00+03:00,08:00,0.0,3340.0,0,3275.41,-953.48
2026-04-13T09:00:00+03:00,09:00,0.0,4061.75,0,4036.71,-593.5
2026-04-13T10:00:00+03:00,10:00,0.0,3721.0,0,3714.62,-1047.44
2026-04-13T11:00:00+03:00,11:00,0.0,3335.0,0,3329.42,-582.8
2026-04-13T12:00:00+03:00,12:00,0.0,3193.0,0,3193.0,-570.44
2026-04-13T13:00:00+03:00,13:00,0.0,3192.0,0,3192.0,-905.27
2026-04-13T14:00:00+03:00,14:00,0.0,3192.0,0,3192.0,-853.29
2026-04-13T15:00:00+03:00,15:00,0.0,3271.0,0,3271.0,-2060.31
2026-04-13T16:00:00+03:00,16:00,0.0,3079.0,0,3076.73,-1380.67
2026-04-13T17:00:00+03:00,17:00,26.25,3815.0,0,3579.2,-310.23
2026-04-13T18:00:00+03:00,18:00,60.67,3131.0,0,3115.07,-176.92
2026-04-13T19:00:00+03:00,19:00,57.5,2120.67,0,2167.54,880.82
2026-04-13T20:00:00+03:00,20:00,0.0,2066.67,0,2060.9,1335.9
2026-04-13T21:00:00+03:00,21:00,0.0,2231.0,0,2227.12,1376.24
2026-04-13T22:00:00+03:00,22:00,0.0,2700.5,0,2698.16,1189.82
2026-04-13T23:00:00+03:00,23:00,0.0,2423.25,0,2423.25,980.07
2026-04-14T00:00:00+03:00,00:00,0.0,2103.17,0,2082.52,272.63
2026-04-14T01:00:00+03:00,01:00,0.0,1705.4,0,1705.4,256.57
2026-04-14T02:00:00+03:00,02:00,98.78,1050.0,0,1113.69,558.51
2026-04-14T03:00:00+03:00,03:00,678.82,0.0,0,677.87,103.62
2026-04-14T04:00:00+03:00,04:00,0.0,934.0,0,906.0,390.56
2026-04-14T05:00:00+03:00,05:00,549.53,60.13,0,537.37,279.52
2026-04-14T06:00:00+03:00,06:00,580.7,390.0,0,920.9,391.27
2026-04-14T07:00:00+03:00,07:00,0.0,982.0,0,918.11,-69.0
2026-04-14T08:00:00+03:00,08:00,0.0,4037.82,0,3615.77,394.72
2026-04-14T09:00:00+03:00,09:00,0.0,4933.9,0,4923.62,-13.98
2026-04-14T10:00:00+03:00,10:00,0.0,3866.0,0,3864.0,-511.57
2026-04-14T11:00:00+03:00,11:00,0.0,4066.0,0,4065.0,-156.62
2026-04-14T12:00:00+03:00,12:00,0.0,3447.67,0,3447.67,-1105.92
2026-04-14T13:00:00+03:00,13:00,31.0,2923.0,0,2953.86,-1456.54
2026-04-14T14:00:00+03:00,14:00,34.43,4393.65,0,4218.95,-125.51
2026-04-14T15:00:00+03:00,15:00,0.0,4375.0,0,4336.96,-796.83
2026-04-14T16:00:00+03:00,16:00,29.33,4423.43,0,4408.48,260.45
2026-04-14T17:00:00+03:00,17:00,803.4,3195.2,0,3948.0,1361.97
2026-04-14T18:00:00+03:00,18:00,1630.72,1010.83,0,2627.22,1314.71
2026-04-14T19:00:00+03:00,19:00,357.62,1021.12,0,1336.65,425.31
2026-04-14T20:00:00+03:00,20:00,0.0,1994.93,0,1982.03,857.51
2026-04-14T21:00:00+03:00,21:00,0.0,2299.9,0,2292.45,848.67
2026-04-14T22:00:00+03:00,22:00,0.0,2929.08,0,2901.15,775.85
2026-04-14T23:00:00+03:00,23:00,0.0,2668.58,0,2652.02,1251.71
2026-04-15T00:00:00+03:00,00:00,0.0,2771.0,0,2741.72,1182.54
2026-04-15T01:00:00+03:00,01:00,0.0,2465.0,0,2451.0,1060.07
2026-04-15T02:00:00+03:00,02:00,63.0,2041.0,0,2091.59,744.72
2026-04-15T03:00:00+03:00,03:00,36.0,1216.0,0,1243.0,404.02
2026-04-15T04:00:00+03:00,04:00,0.0,602.55,0,602.55,-221.25
2026-04-15T05:00:00+03:00,05:00,0.0,500.0,0,500.0,-13.78
2026-04-15T06:00:00+03:00,06:00,246.32,489.75,0,603.4,43.72
2026-04-15T07:00:00+03:00,07:00,0.0,1005.0,0,1004.83,-468.74
2026-04-15T08:00:00+03:00,08:00,0.0,3959.9,0,3624.92,-83.66
2026-04-15T09:00:00+03:00,09:00,0.0,4600.85,0,4551.85,-69.87
2026-04-15T10:00:00+03:00,10:00,0.0,4490.63,0,4446.83,309.55
2026-04-15T11:00:00+03:00,11:00,0.0,4780.0,0,4687.64,401.3
2026-04-15T12:00:00+03:00,12:00,0.0,3543.0,0,3536.0,-1078.51
2026-04-15T13:00:00+03:00,13:00,40.73,3665.73,0,3694.9,-185.01
2026-04-15T14:00:00+03:00,14:00,26.17,4067.0,0,4047.81,287.16
2026-04-15T15:00:00+03:00,15:00,25.67,4313.62,0,4287.57,-210.6
2026-04-15T16:00:00+03:00,16:00,0.0,4881.0,0,4817.54,411.1
2026-04-15T17:00:00+03:00,17:00,0.0,4631.0,0,4556.04,350.13
2026-04-15T18:00:00+03:00,18:00,34.5,2867.05,0,2849.17,-190.03
2026-04-15T19:00:00+03:00,19:00,0.0,1663.65,0,1663.65,-485.53
2026-04-15T20:00:00+03:00,20:00,0.0,1500.0,0,1500.0,14.5
2026-04-15T21:00:00+03:00,21:00,0.0,1928.3,0,1913.27,308.42
2026-04-15T22:00:00+03:00,22:00,70.4,1979.98,0,2049.22,-202.39
2026-04-15T23:00:00+03:00,23:00,0.0,1810.0,0,1809.76,-585.56
2026-04-16T00:00:00+03:00,00:00,0.0,808.0,0,808.0,-1431.55
2026-04-16T01:00:00+03:00,01:00,0.0,216.0,0,216.0,-813.56
2026-04-16T02:00:00+03:00,02:00,67.5,0.0,0,67.5,-481.6
2026-04-16T03:00:00+03:00,03:00,0.0,0.0,0,0.0,-22.75
2026-04-16T04:00:00+03:00,04:00,0.0,0.0,0,0.0,-445.32
2026-04-16T05:00:00+03:00,05:00,0.0,0.0,0,0.0,-515.5
2026-04-16T06:00:00+03:00,06:00,0.0,0.0,0,0.0,-883.04
2026-04-16T07:00:00+03:00,07:00,0.0,873.0,0,873.0,-1682.25
2026-04-16T08:00:00+03:00,08:00,0.0,2550.0,0,2534.18,-577.28
2026-04-16T09:00:00+03:00,09:00,0.0,2550.0,0,2540.18,-540.1
2026-04-16T10:00:00+03:00,10:00,0.0,2394.0,0,2394.0,-661.65
2026-04-16T11:00:00+03:00,11:00,0.0,2310.0,0,2310.0,-171.73
2026-04-16T12:00:00+03:00,12:00,0.0,2310.0,0,2310.0,3.44
2026-04-16T13:00:00+03:00,13:00,0.0,2310.0,0,2310.0,233.36
2026-04-16T14:00:00+03:00,14:00,33.0,2430.0,0,2463.0,783.04
2026-04-16T15:00:00+03:00,15:00,0.0,2700.83,0,2697.33,-182.1
2026-04-16T16:00:00+03:00,16:00,26.67,2262.67,0,2268.83,-393.33
2026-04-16T17:00:00+03:00,17:00,112.0,2199.0,0,2287.82,172.35
2026-04-16T18:00:00+03:00,18:00,0.0,2214.0,0,2183.32,-454.03
2026-04-16T19:00:00+03:00,19:00,38.75,1837.9,0,1876.4,-136.22
2026-04-16T20:00:00+03:00,20:00,0.0,1730.0,0,1730.0,324.54
2026-04-16T21:00:00+03:00,21:00,0.0,1418.0,0,1418.0,-8.18
2026-04-16T22:00:00+03:00,22:00,0.0,657.5,0,657.5,-174.5
2026-04-16T23:00:00+03:00,23:00,27.0,500.0,0,522.3,-233.55
2026-04-17T00:00:00+03:00,00:00,0.0,0.0,0,0.0,-1044.56
2026-04-17T01:00:00+03:00,01:00,72.0,0.0,0,72.0,-725.15
2026-04-17T02:00:00+03:00,02:00,0.0,0.0,0,0.0,-532.0
2026-04-17T03:00:00+03:00,03:00,0.0,0.0,0,0.0,-412.8
2026-04-17T04:00:00+03:00,04:00,0.0,0.0,0,0.0,-419.9
2026-04-17T05:00:00+03:00,05:00,0.0,0.0,0,0.0,-433.5
2026-04-17T06:00:00+03:00,06:00,0.0,0.0,0,0.0,0.0
2026-04-17T07:00:00+03:00,07:00,0.0,0.0,0,0.0,0.0
2026-04-17T08:00:00+03:00,08:00,0.0,0.0,0,0.0,0.0
2026-04-17T09:00:00+03:00,09:00,0.0,0.0,0,0.0,0.0
2026-04-17T10:00:00+03:00,10:00,0.0,0.0,0,0.0,0.0
2026-04-17T11:00:00+03:00,11:00,0.0,0.0,0,0.0,0.0
2026-04-17T12:00:00+03:00,12:00,0.0,0.0,0,0.0,0.0
2026-04-17T13:00:00+03:00,13:00,0.0,0.0,0,0.0,0.0
2026-04-17T14:00:00+03:00,14:00,0.0,0.0,0,0.0,0.0
2026-04-17T15:00:00+03:00,15:00,0.0,0.0,0,0.0,0.0
2026-04-17T16:00:00+03:00,16:00,0.0,0.0,0,0.0,0.0
2026-04-17T17:00:00+03:00,17:00,0.0,0.0,0,0.0,0.0
2026-04-17T18:00:00+03:00,18:00,0.0,0.0,0,0.0,0.0
2026-04-17T19:00:00+03:00,19:00,0.0,0.0,0,0.0,0.0
2026-04-17T20:00:00+03:00,20:00,0.0,0.0,0,0.0,0.0
2026-04-17T21:00:00+03:00,21:00,0.0,0.0,0,0.0,0.0
2026-04-17T22:00:00+03:00,22:00,0.0,0.0,0,0.0,0.0
2026-04-17T23:00:00+03:00,23:00,0.0,0.0,0,0.0,0.0
2026-04-19T00:00:00+03:00,00:00,0.0,720.02,0,720.02,-385.48
2026-04-19T01:00:00+03:00,01:00,0.0,500.0,0,500.0,-274.16
2026-04-19T02:00:00+03:00,02:00,0.0,441.67,0,431.48,-202.52
2026-04-19T03:00:00+03:00,03:00,21.33,0.0,0,21.33,-305.67
2026-04-19T04:00:00+03:00,04:00,0.0,0.0,0,0.0,-337.0
2026-04-19T05:00:00+03:00,05:00,119.5,0.0,0,114.5,-103.05
2026-04-19T06:00:00+03:00,06:00,200.37,0.0,0,189.3,68.3
2026-04-19T07:00:00+03:00,07:00,0.0,0.0,0,0.0,-22.17
2026-04-19T08:00:00+03:00,08:00,607.02,0.0,0,546.3,546.3
2026-04-19T09:00:00+03:00,09:00,269.0,0.0,0,240.82,240.82
2026-04-19T10:00:00+03:00,10:00,291.5,0.0,0,288.06,288.06
2026-04-19T11:00:00+03:00,11:00,288.0,0.0,0,282.95,282.95
2026-04-19T12:00:00+03:00,12:00,303.0,0.0,0,297.61,297.61
2026-04-19T13:00:00+03:00,13:00,668.07,0.0,0,666.54,666.54
2026-04-19T14:00:00+03:00,14:00,471.08,0.0,0,463.7,463.7
2026-04-19T15:00:00+03:00,15:00,266.6,0.0,0,265.62,-234.13
2026-04-19T16:00:00+03:00,16:00,10.08,500.0,0,509.04,-97.81
2026-04-19T17:00:00+03:00,17:00,221.17,950.0,0,1009.61,-63.39
2026-04-19T18:00:00+03:00,18:00,74.78,1127.3,0,1198.62,-153.79
2026-04-19T19:00:00+03:00,19:00,90.42,1920.0,0,1745.41,-105.79
2026-04-19T20:00:00+03:00,20:00,0.0,1804.0,0,1786.06,128.55
2026-04-19T21:00:00+03:00,21:00,41.33,1910.58,0,1947.65,187.23
2026-04-19T22:00:00+03:00,22:00,0.0,1928.0,0,1926.0,528.12
2026-04-19T23:00:00+03:00,23:00,0.0,1847.0,0,1846.22,74.39
2026-04-20T00:00:00+03:00,00:00,0.0,1742.73,0,1740.49,389.79
2026-04-20T01:00:00+03:00,01:00,81.15,1601.0,0,1681.15,278.78
2026-04-20T02:00:00+03:00,02:00,0.0,1194.32,0,1194.32,26.32
2026-04-20T03:00:00+03:00,03:00,0.0,868.33,0,868.33,-53.67
2026-04-20T04:00:00+03:00,04:00,0.0,800.0,0,800.0,-49.23
2026-04-20T05:00:00+03:00,05:00,0.0,800.0,0,800.0,65.0
2026-04-20T06:00:00+03:00,06:00,42.15,800.0,0,841.95,149.95
2026-04-20T07:00:00+03:00,07:00,0.0,1005.33,0,1005.33,-249.48
2026-04-20T08:00:00+03:00,08:00,0.0,3734.25,0,3480.2,-117.13
2026-04-20T09:00:00+03:00,09:00,0.0,3882.13,0,3754.3,-307.48
2026-04-20T10:00:00+03:00,10:00,0.0,3247.0,0,3188.0,-1842.34
2026-04-20T11:00:00+03:00,11:00,0.0,3219.5,0,3190.5,-1289.19
2026-04-20T12:00:00+03:00,12:00,0.0,2880.0,0,2878.6,-989.84
2026-04-20T13:00:00+03:00,13:00,0.0,2712.0,0,2712.0,-804.52
2026-04-20T14:00:00+03:00,14:00,0.0,2670.0,0,2670.0,12.07
2026-04-20T15:00:00+03:00,15:00,0.0,2702.0,0,2702.0,-466.17
2026-04-20T16:00:00+03:00,16:00,0.0,2928.45,0,2898.88,-474.17
2026-04-20T17:00:00+03:00,17:00,0.0,2739.25,0,2720.03,-1106.54
2026-04-20T18:00:00+03:00,18:00,0.0,2696.0,0,2657.04,-1225.61
2026-04-20T19:00:00+03:00,19:00,55.0,2453.0,0,2446.1,-495.06
2026-04-20T20:00:00+03:00,20:00,0.0,2530.93,0,2497.47,298.94
2026-04-20T21:00:00+03:00,21:00,0.0,2638.93,0,2618.96,264.57
2026-04-20T22:00:00+03:00,22:00,0.0,3264.0,0,3211.39,267.94
2026-04-20T23:00:00+03:00,23:00,0.0,3483.05,0,3466.85,534.49
2026-04-21T00:00:00+03:00,00:00,0.0,3035.33,0,3029.81,355.07
2026-04-21T01:00:00+03:00,01:00,0.0,3075.17,0,2953.34,407.09
2026-04-21T02:00:00+03:00,02:00,0.0,2529.17,0,2035.17,215.13
2026-04-21T03:00:00+03:00,03:00,0.0,2248.0,0,1878.0,35.96
2026-04-21T04:00:00+03:00,04:00,0.0,2248.0,0,1937.0,110.96
2026-04-21T05:00:00+03:00,05:00,0.0,2380.0,0,2088.37,417.19
2026-04-21T06:00:00+03:00,06:00,0.0,2387.67,0,2181.67,-182.47
2026-04-21T07:00:00+03:00,07:00,0.0,2562.13,0,2407.18,-690.75
2026-04-21T08:00:00+03:00,08:00,0.0,4118.32,0,3826.32,-1055.61
2026-04-21T09:00:00+03:00,09:00,0.0,4395.8,0,4329.8,-1461.74
2026-04-21T10:00:00+03:00,10:00,0.0,3456.0,0,3454.0,-1693.8
2026-04-21T11:00:00+03:00,11:00,0.0,3584.57,0,3560.57,-1184.43
2026-04-21T12:00:00+03:00,12:00,0.0,3032.8,0,3032.8,-2814.91
2026-04-21T13:00:00+03:00,13:00,0.0,2976.0,0,2976.0,-2624.58
2026-04-21T14:00:00+03:00,14:00,0.0,3174.78,0,3123.28,-1183.0
2026-04-21T15:00:00+03:00,15:00,0.0,3618.0,0,3562.0,-1774.3
2026-04-21T16:00:00+03:00,16:00,0.0,3391.53,0,3381.53,-2426.97
2026-04-21T17:00:00+03:00,17:00,0.0,3116.35,0,3104.97,-2373.89
2026-04-21T18:00:00+03:00,18:00,0.0,2538.07,0,2537.0,-1110.44
2026-04-21T19:00:00+03:00,19:00,25.83,2876.47,0,2897.67,-13.83
2026-04-21T20:00:00+03:00,20:00,0.0,3140.0,0,3128.67,451.68
2026-04-21T21:00:00+03:00,21:00,0.0,3438.07,0,3430.79,570.85
2026-04-21T22:00:00+03:00,22:00,0.0,3227.0,0,3223.98,461.79
2026-04-21T23:00:00+03:00,23:00,0.0,3122.33,0,3120.56,452.68
2026-04-22T00:00:00+03:00,00:00,0.0,2598.25,0,2593.03,700.85
2026-04-22T01:00:00+03:00,01:00,33.97,2204.0,0,2233.11,648.56
2026-04-22T02:00:00+03:00,02:00,0.0,1848.07,0,1843.01,606.02
2026-04-22T03:00:00+03:00,03:00,0.0,1360.12,0,1360.12,242.12
2026-04-22T04:00:00+03:00,04:00,0.0,957.5,0,957.5,-300.32
2026-04-22T05:00:00+03:00,05:00,0.0,924.0,0,907.99,-483.71
2026-04-22T06:00:00+03:00,06:00,0.0,1060.0,0,1054.46,-493.14
2026-04-22T07:00:00+03:00,07:00,19.08,2045.0,0,2051.34,-87.06
2026-04-22T08:00:00+03:00,08:00,0.0,2967.43,0,2811.2,-467.49
2026-04-22T09:00:00+03:00,09:00,0.0,4825.85,0,4314.94,-172.59
2026-04-22T10:00:00+03:00,10:00,0.0,4852.43,0,4846.89,-282.28
2026-04-22T11:00:00+03:00,11:00,0.0,5130.0,0,5116.97,298.92
2026-04-22T12:00:00+03:00,12:00,0.0,4813.68,0,4807.86,-386.86
2026-04-22T13:00:00+03:00,13:00,0.0,4567.25,0,4567.01,-288.87
2026-04-22T14:00:00+03:00,14:00,84.0,4811.0,0,4890.26,293.17
2026-04-22T15:00:00+03:00,15:00,0.0,5005.83,0,4924.11,281.02
2026-04-22T16:00:00+03:00,16:00,0.0,5222.0,0,5210.07,751.13
2026-04-22T17:00:00+03:00,17:00,72.82,5163.0,0,5220.14,888.41
2026-04-22T18:00:00+03:00,18:00,0.0,4916.75,0,4894.36,721.35
2026-04-22T19:00:00+03:00,19:00,0.0,4208.0,0,4192.8,96.48
2026-04-22T20:00:00+03:00,20:00,0.0,3972.67,0,3961.19,904.58
2026-04-22T21:00:00+03:00,21:00,0.0,4237.0,0,4044.47,38.08
2026-04-22T22:00:00+03:00,22:00,0.0,3519.17,0,3519.17,-1092.58
2026-04-22T23:00:00+03:00,23:00,0.0,2951.25,0,2951.25,-633.55
2026-04-23T00:00:00+03:00,00:00,0.0,2520.0,0,2430.0,-351.62
2026-04-23T01:00:00+03:00,01:00,0.0,1946.33,0,1946.33,219.33
2026-04-23T02:00:00+03:00,02:00,0.0,1076.0,0,1076.0,-183.58
2026-04-23T03:00:00+03:00,03:00,113.75,554.17,0,667.92,-229.42
2026-04-23T04:00:00+03:00,04:00,0.0,585.0,0,585.0,-68.42
2026-04-23T05:00:00+03:00,05:00,52.5,585.0,0,637.5,378.33
2026-04-23T06:00:00+03:00,06:00,39.48,788.3,0,701.66,2.58
2026-04-23T07:00:00+03:00,07:00,0.0,1450.0,0,1450.0,-369.86
2026-04-23T08:00:00+03:00,08:00,0.0,1980.0,0,1980.0,-1099.57
2026-04-23T09:00:00+03:00,09:00,0.0,2585.0,0,2566.43,-451.0
2026-04-23T10:00:00+03:00,10:00,0.0,3544.57,0,3238.43,-857.96
2026-04-23T11:00:00+03:00,11:00,0.0,3677.93,0,3591.74,-432.28
2026-04-23T12:00:00+03:00,12:00,0.0,3988.83,0,3830.38,-354.75
2026-04-23T13:00:00+03:00,13:00,0.0,4098.48,0,4067.25,-600.21
2026-04-23T14:00:00+03:00,14:00,0.0,4024.0,0,3981.99,-701.82
2026-04-23T15:00:00+03:00,15:00,0.0,3901.5,0,3840.08,-978.13
2026-04-23T16:00:00+03:00,16:00,0.0,4019.0,0,3976.01,-718.06
2026-04-23T17:00:00+03:00,17:00,105.0,4075.0,0,4132.94,-479.94
2026-04-23T18:00:00+03:00,18:00,0.0,3356.4,0,3319.61,101.46
2026-04-23T19:00:00+03:00,19:00,30.0,3513.13,0,3498.8,1056.59
2026-04-23T20:00:00+03:00,20:00,0.0,3945.0,0,3883.85,1358.06
2026-04-23T21:00:00+03:00,21:00,0.0,4475.0,0,4309.69,655.78
2026-04-23T22:00:00+03:00,22:00,0.0,4476.48,0,4435.36,86.63
2026-04-23T23:00:00+03:00,23:00,14.0,3834.42,0,3840.72,8.22
2026-04-24T00:00:00+03:00,00:00,0.0,2641.83,0,2641.83,-476.11
2026-04-24T01:00:00+03:00,01:00,0.0,2350.0,0,2244.0,-56.04
2026-04-24T02:00:00+03:00,02:00,0.0,1692.0,0,1692.0,-298.65
2026-04-24T03:00:00+03:00,03:00,0.0,1380.0,0,1380.0,-94.75
2026-04-24T04:00:00+03:00,04:00,0.0,1174.0,0,1174.0,-181.0
2026-04-24T05:00:00+03:00,05:00,75.25,1359.0,0,1430.19,-55.56
2026-04-24T06:00:00+03:00,06:00,0.0,1294.17,0,1294.17,-536.17
2026-04-24T07:00:00+03:00,07:00,29.33,2621.32,0,2641.23,-695.31
2026-04-24T08:00:00+03:00,08:00,0.0,4690.07,0,3922.17,-1156.6
2026-04-24T09:00:00+03:00,09:00,0.0,4356.42,0,4355.98,-1616.81
2026-04-24T10:00:00+03:00,10:00,0.0,3157.32,0,3148.52,-2472.31
2026-04-24T11:00:00+03:00,11:00,0.0,3255.67,0,3247.15,-1848.36
2026-04-24T12:00:00+03:00,12:00,0.0,2850.0,0,2850.0,-2004.61
2026-04-24T13:00:00+03:00,13:00,41.28,2850.0,0,2877.28,-2162.56
2026-04-24T14:00:00+03:00,14:00,47.0,2873.0,0,2917.79,-1494.9
2026-04-24T15:00:00+03:00,15:00,0.0,2882.0,0,2882.0,-1766.34
2026-04-24T16:00:00+03:00,16:00,54.17,3104.2,0,3132.05,-1668.01
2026-04-24T17:00:00+03:00,17:00,113.83,4009.03,0,4078.68,-607.62
2026-04-24T18:00:00+03:00,18:00,29.75,4520.12,0,4470.4,-198.56
2026-04-24T19:00:00+03:00,19:00,0.0,3542.2,0,3492.95,-158.87
2026-04-24T20:00:00+03:00,20:00,0.0,3459.0,0,3397.22,228.84
2026-04-24T21:00:00+03:00,21:00,0.0,4576.25,0,4536.23,1343.02
2026-04-24T22:00:00+03:00,22:00,0.0,3850.03,0,3838.2,704.42
2026-04-24T23:00:00+03:00,23:00,0.0,3579.0,0,3569.86,620.99
2026-04-25T00:00:00+03:00,00:00,7.0,4148.58,0,4150.03,1032.76
2026-04-25T01:00:00+03:00,01:00,0.0,3861.08,0,3858.07,985.54
2026-04-25T02:00:00+03:00,02:00,0.0,2978.53,0,2971.68,376.42
2026-04-25T03:00:00+03:00,03:00,0.0,2628.33,0,2605.24,-7.7
2026-04-25T04:00:00+03:00,04:00,0.0,1854.0,0,1852.57,-239.43
2026-04-25T05:00:00+03:00,05:00,0.0,1662.0,0,1658.21,-358.69
2026-04-25T06:00:00+03:00,06:00,0.0,1559.0,0,1559.0,-516.59
2026-04-25T07:00:00+03:00,07:00,0.0,1865.5,0,1865.5,-687.02
2026-04-25T08:00:00+03:00,08:00,0.0,1972.17,0,1969.44,-1665.15
2026-04-25T09:00:00+03:00,09:00,0.0,2121.33,0,2121.33,-2670.66
2026-04-25T10:00:00+03:00,10:00,0.0,1425.0,0,1425.0,-4563.45
2026-04-25T11:00:00+03:00,11:00,0.0,1250.0,0,1250.0,-4808.89
2026-04-25T12:00:00+03:00,12:00,0.0,1250.0,0,1250.0,-5934.75
2026-04-25T13:00:00+03:00,13:00,0.0,1363.0,0,1363.0,-5563.57
2026-04-25T14:00:00+03:00,14:00,26.0,1250.0,0,1273.35,-4430.02
2026-04-25T15:00:00+03:00,15:00,6.25,1250.0,0,1256.25,-3643.82
2026-04-25T16:00:00+03:00,16:00,70.23,1667.23,0,1719.7,-1853.18
2026-04-25T17:00:00+03:00,17:00,94.83,2629.0,0,2462.45,-797.51
2026-04-25T18:00:00+03:00,18:00,66.0,2735.0,0,2684.85,-881.51
2026-04-25T19:00:00+03:00,19:00,0.0,1931.0,0,1879.56,-1055.85
2026-04-25T20:00:00+03:00,20:00,0.0,2122.68,0,1999.36,437.46
2026-04-25T21:00:00+03:00,21:00,258.85,2560.98,0,2765.79,373.28
2026-04-25T22:00:00+03:00,22:00,0.0,3474.92,0,3447.96,109.42
2026-04-25T23:00:00+03:00,23:00,108.33,3551.27,0,3648.91,-259.44
2026-04-26T00:00:00+03:00,00:00,0.0,3591.65,0,3584.09,-564.72
2026-04-26T01:00:00+03:00,01:00,0.0,2831.58,0,2814.03,-404.17
2026-04-26T02:00:00+03:00,02:00,0.0,2603.33,0,2582.95,-152.28
2026-04-26T03:00:00+03:00,03:00,47.25,2300.0,0,2328.26,-52.79
2026-04-26T04:00:00+03:00,04:00,0.0,2210.0,0,2192.84,24.86
2026-04-26T05:00:00+03:00,05:00,0.0,2210.0,0,2193.64,-158.55
2026-04-26T06:00:00+03:00,06:00,0.0,1964.33,0,1962.01,-511.68
2026-04-26T07:00:00+03:00,07:00,0.0,1444.0,0,1439.97,-810.17
2026-04-26T08:00:00+03:00,08:00,0.0,372.0,0,372.0,-4126.1
2026-04-26T09:00:00+03:00,09:00,0.0,0.0,0,0.0,-6592.8
2026-04-26T10:00:00+03:00,10:00,0.0,0.0,0,0.0,-8744.83
2026-04-26T11:00:00+03:00,11:00,0.0,0.0,0,0.0,-10833.53
2026-04-26T12:00:00+03:00,12:00,0.0,0.0,0,0.0,-10569.34
2026-04-26T13:00:00+03:00,13:00,0.0,0.0,0,0.0,-8832.44
2026-04-26T14:00:00+03:00,14:00,0.0,0.0,0,0.0,-6795.81
2026-04-26T15:00:00+03:00,15:00,0.0,240.0,0,240.0,-6237.97
2026-04-26T16:00:00+03:00,16:00,0.0,1130.0,0,1011.63,-4298.37
2026-04-26T17:00:00+03:00,17:00,192.77,1850.0,0,2035.87,-1441.53
2026-04-26T18:00:00+03:00,18:00,20.67,2490.75,0,2458.61,-488.59
2026-04-26T19:00:00+03:00,19:00,0.0,3041.0,0,2947.59,-32.53
2026-04-26T20:00:00+03:00,20:00,0.0,3438.0,0,3224.92,533.39
2026-04-26T21:00:00+03:00,21:00,0.0,3458.0,0,3312.3,190.39
2026-04-26T22:00:00+03:00,22:00,0.0,3658.83,0,3605.8,77.72
2026-04-26T23:00:00+03:00,23:00,0.0,3435.0,0,3418.55,-307.12
2026-04-27T00:00:00+03:00,00:00,0.0,2907.33,0,2893.78,-435.85
2026-04-27T01:00:00+03:00,01:00,0.0,2132.32,0,2132.32,-292.76
2026-04-27T02:00:00+03:00,02:00,0.0,1078.0,0,1073.14,-615.53
2026-04-27T03:00:00+03:00,03:00,0.0,480.0,0,480.0,-949.24
2026-04-27T04:00:00+03:00,04:00,0.0,168.0,0,168.0,-990.92
2026-04-27T05:00:00+03:00,05:00,0.0,0.0,0,0.0,-1018.85
2026-04-27T06:00:00+03:00,06:00,0.0,0.0,0,0.0,-1184.62
2026-04-27T07:00:00+03:00,07:00,0.0,0.0,0,0.0,0.0
2026-04-27T08:00:00+03:00,08:00,0.0,0.0,0,0.0,0.0
2026-04-27T09:00:00+03:00,09:00,0.0,0.0,0,0.0,0.0
2026-04-27T10:00:00+03:00,10:00,0.0,0.0,0,0.0,0.0
2026-04-27T11:00:00+03:00,11:00,0.0,0.0,0,0.0,0.0
2026-04-27T12:00:00+03:00,12:00,0.0,0.0,0,0.0,0.0
2026-04-27T13:00:00+03:00,13:00,0.0,0.0,0,0.0,0.0
2026-04-27T14:00:00+03:00,14:00,0.0,0.0,0,0.0,0.0
2026-04-27T15:00:00+03:00,15:00,0.0,0.0,0,0.0,0.0
2026-04-27T16:00:00+03:00,16:00,0.0,0.0,0,0.0,0.0
2026-04-27T17:00:00+03:00,17:00,0.0,0.0,0,0.0,0.0
2026-04-27T18:00:00+03:00,18:00,0.0,0.0,0,0.0,0.0
2026-04-27T19:00:00+03:00,19:00,0.0,0.0,0,0.0,0.0
2026-04-27T20:00:00+03:00,20:00,0.0,0.0,0,0.0,0.0
2026-04-27T21:00:00+03:00,21:00,0.0,0.0,0,0.0,0.0
2026-04-27T22:00:00+03:00,22:00,0.0,0.0,0,0.0,0.0
2026-04-27T23:00:00+03:00,23:00,0.0,0.0,0,0.0,0.0
