date,hour,downRegulationZeroCoded,downRegulationOneCoded,downRegulationTwoCoded,downRegulationDelivered,net
2026-03-14T00:00:00+03:00,00:00,33.0,0.0,0,-33.0,985.8
2026-03-14T01:00:00+03:00,01:00,23.45,0.0,0,-23.45,731.25
2026-03-14T02:00:00+03:00,02:00,29.4,0.0,0,-29.4,359.57
2026-03-14T03:00:00+03:00,03:00,0.0,0.0,0,0.0,309.67
2026-03-14T04:00:00+03:00,04:00,38.5,0.0,0,-38.5,427.79
2026-03-14T05:00:00+03:00,05:00,0.0,0.0,0,0.0,306.58
2026-03-14T06:00:00+03:00,06:00,641.84,0.0,0,-497.78,-497.78
2026-03-14T07:00:00+03:00,07:00,1812.78,0.0,0,-1236.83,-886.83
2026-03-14T08:00:00+03:00,08:00,214.52,0.0,0,-211.63,491.17
2026-03-14T09:00:00+03:00,09:00,0.0,0.0,0,0.0,1403.19
2026-03-14T10:00:00+03:00,10:00,0.0,0.0,0,0.0,2030.59
2026-03-14T11:00:00+03:00,11:00,0.0,0.0,0,0.0,2651.31
2026-03-14T12:00:00+03:00,12:00,0.0,0.0,0,0.0,2501.66
2026-03-14T13:00:00+03:00,13:00,0.0,0.0,0,0.0,2356.68
2026-03-14T14:00:00+03:00,14:00,0.0,0.0,0,0.0,2697.2
2026-03-14T15:00:00+03:00,15:00,0.0,0.0,0,0.0,2163.25
2026-03-14T16:00:00+03:00,16:00,40.42,0.0,0,-40.42,1577.97
2026-03-14T17:00:00+03:00,17:00,123.17,75.0,0,-188.14,1586.66
2026-03-14T18:00:00+03:00,18:00,43.17,200.0,0,-229.17,1055.31
2026-03-14T19:00:00+03:00,19:00,430.12,200.0,0,-620.04,-197.6
2026-03-14T20:00:00+03:00,20:00,115.5,200.0,0,-313.23,291.19
2026-03-14T21:00:00+03:00,21:00,251.67,200.0,0,-450.5,-149.28
2026-03-14T22:00:00+03:00,22:00,291.47,0.0,0,-290.78,-290.78
2026-03-14T23:00:00+03:00,23:00,495.15,0.0,0,-494.45,-474.99
2026-03-15T00:00:00+03:00,00:00,52.15,0.0,0,-51.68,393.02
2026-03-15T01:00:00+03:00,01:00,43.42,0.0,0,-43.42,429.08
2026-03-15T02:00:00+03:00,02:00,0.0,0.0,0,0.0,18.88
2026-03-15T03:00:00+03:00,03:00,0.0,0.0,0,0.0,364.99
2026-03-15T04:00:00+03:00,04:00,0.0,0.0,0,0.0,130.3
2026-03-15T05:00:00+03:00,05:00,259.7,0.0,0,-259.7,-98.16
2026-03-15T06:00:00+03:00,06:00,1131.08,0.0,0,-688.59,-680.79
2026-03-15T07:00:00+03:00,07:00,1172.27,0.0,0,-1005.55,-758.56
2026-03-15T08:00:00+03:00,08:00,2047.17,0.0,0,-1331.73,-1331.73
2026-03-15T09:00:00+03:00,09:00,1224.95,0.0,0,-1206.95,-990.32
2026-03-15T10:00:00+03:00,10:00,670.0,0.0,0,-670.0,-662.5
2026-03-15T11:00:00+03:00,11:00,602.0,0.0,0,-601.49,-573.19
2026-03-15T12:00:00+03:00,12:00,418.0,0.0,0,-416.11,-416.11
2026-03-15T13:00:00+03:00,13:00,0.0,0.0,0,0.0,351.96
2026-03-15T14:00:00+03:00,14:00,0.0,0.0,0,0.0,1047.03
2026-03-15T15:00:00+03:00,15:00,264.9,0.0,0,-264.15,278.67
2026-03-15T16:00:00+03:00,16:00,250.92,0.0,0,-250.92,556.08
2026-03-15T17:00:00+03:00,17:00,312.78,0.0,0,-279.16,-28.74
2026-03-15T18:00:00+03:00,18:00,349.74,0.0,0,-345.81,-288.47
2026-03-15T19:00:00+03:00,19:00,456.0,0.0,0,-409.47,-409.47
2026-03-15T20:00:00+03:00,20:00,771.17,0.0,0,-695.08,-695.08
2026-03-15T21:00:00+03:00,21:00,1472.25,0.0,0,-1262.65,-1262.65
2026-03-15T22:00:00+03:00,22:00,1441.07,0.0,0,-1440.58,-1440.58
2026-03-15T23:00:00+03:00,23:00,395.45,0.0,0,-392.46,-374.46
2026-03-16T00:00:00+03:00,00:00,188.55,0.0,0,-183.2,344.38
2026-03-16T01:00:00+03:00,01:00,214.0,0.0,0,-214.0,79.23
2026-03-16T02:00:00+03:00,02:00,8.75,0.0,0,-8.75,73.13
2026-03-16T03:00:00+03:00,03:00,0.0,0.0,0,0.0,0.0
2026-03-16T04:00:00+03:00,04:00,0.0,0.0,0,0.0,0.0
2026-03-16T05:00:00+03:00,05:00,0.0,0.0,0,0.0,0.0
2026-03-16T06:00:00+03:00,06:00,56.85,0.0,0,-40.97,-40.97
2026-03-16T07:00:00+03:00,07:00,1297.28,0.0,0,-1002.55,-957.55
2026-03-16T08:00:00+03:00,08:00,474.02,0.0,0,-472.04,1100.84
2026-03-16T09:00:00+03:00,09:00,536.08,0.0,0,-531.54,1534.97
2026-03-16T10:00:00+03:00,10:00,1521.48,0.0,0,-885.53,814.47
2026-03-16T11:00:00+03:00,11:00,1376.25,43.8,0,-1393.62,551.83
2026-03-16T12:00:00+03:00,12:00,2797.22,22.5,0,-2288.51,-488.51
2026-03-16T13:00:00+03:00,13:00,3540.07,0.0,0,-3009.55,-898.46
2026-03-16T14:00:00+03:00,14:00,3762.0,0.0,0,-3381.38,-1404.64
2026-03-16T15:00:00+03:00,15:00,4334.22,0.0,0,-3975.29,-1630.64
2026-03-16T16:00:00+03:00,16:00,4535.17,0.0,0,-4029.1,-2209.52
2026-03-16T17:00:00+03:00,17:00,4237.77,0.0,0,-3786.1,-2176.44
2026-03-16T18:00:00+03:00,18:00,1445.97,0.0,0,-1284.64,-360.07
2026-03-16T19:00:00+03:00,19:00,514.5,0.0,0,-514.08,-121.48
2026-03-16T20:00:00+03:00,20:00,328.0,0.0,0,-327.86,-327.86
2026-03-16T21:00:00+03:00,21:00,348.0,0.0,0,-337.56,-324.72
2026-03-16T22:00:00+03:00,22:00,0.0,0.0,0,0.0,0.0
2026-03-16T23:00:00+03:00,23:00,0.0,0.0,0,0.0,0.0
2026-03-17T00:00:00+03:00,00:00,0.0,0.0,0,0.0,79.05
2026-03-17T01:00:00+03:00,01:00,45.5,0.0,0,-45.5,67.0
2026-03-17T02:00:00+03:00,02:00,22.0,0.0,0,-22.0,-22.0
2026-03-17T03:00:00+03:00,03:00,0.0,0.0,0,0.0,18.33
2026-03-17T04:00:00+03:00,04:00,0.0,0.0,0,0.0,0.0
2026-03-17T05:00:00+03:00,05:00,326.17,0.0,0,-287.94,-287.94
2026-03-17T06:00:00+03:00,06:00,673.48,0.0,0,-260.26,-211.6
2026-03-17T07:00:00+03:00,07:00,2262.32,0.0,0,-1756.92,-1729.92
2026-03-17T08:00:00+03:00,08:00,2204.17,0.0,0,-1990.9,-1139.48
2026-03-17T09:00:00+03:00,09:00,2294.9,0.0,0,-2221.06,-1085.98
2026-03-17T10:00:00+03:00,10:00,3323.57,0.0,0,-3024.14,-1230.77
2026-03-17T11:00:00+03:00,11:00,3509.86,0.0,0,-3233.16,-1105.2
2026-03-17T12:00:00+03:00,12:00,3826.58,0.0,0,-3533.48,-1437.9
2026-03-17T13:00:00+03:00,13:00,3287.8,0.0,0,-3177.41,-1089.73
2026-03-17T14:00:00+03:00,14:00,3368.57,0.0,0,-3180.23,-1294.9
2026-03-17T15:00:00+03:00,15:00,1600.25,0.0,0,-1490.13,-186.38
2026-03-17T16:00:00+03:00,16:00,2052.8,0.0,0,-1832.68,-528.36
2026-03-17T17:00:00+03:00,17:00,1822.5,0.0,0,-1530.69,-625.12
2026-03-17T18:00:00+03:00,18:00,56.28,0.0,0,-56.28,347.13
2026-03-17T19:00:00+03:00,19:00,21.0,0.0,0,-21.0,329.54
2026-03-17T20:00:00+03:00,20:00,0.0,0.0,0,0.0,66.69
2026-03-17T21:00:00+03:00,21:00,0.0,0.0,0,0.0,356.98
2026-03-17T22:00:00+03:00,22:00,0.0,0.0,0,0.0,0.0
2026-03-17T23:00:00+03:00,23:00,106.25,0.0,0,-105.4,-77.9
2026-03-18T00:00:00+03:00,00:00,74.17,0.0,0,-74.17,20.32
2026-03-18T01:00:00+03:00,01:00,482.88,0.0,0,-361.15,-361.15
2026-03-18T02:00:00+03:00,02:00,462.0,0.0,0,-447.0,-447.0
2026-03-18T03:00:00+03:00,03:00,122.73,0.0,0,-122.71,-24.22
2026-03-18T04:00:00+03:00,04:00,0.0,0.0,0,0.0,31.0
2026-03-18T05:00:00+03:00,05:00,0.0,0.0,0,0.0,0.0
2026-03-18T06:00:00+03:00,06:00,443.72,0.0,0,-359.38,-359.38
2026-03-18T07:00:00+03:00,07:00,1215.28,0.0,0,-805.66,-805.66
2026-03-18T08:00:00+03:00,08:00,2416.02,0.0,0,-2185.51,-1585.51
2026-03-18T09:00:00+03:00,09:00,1928.17,0.0,0,-1854.82,-1110.15
2026-03-18T10:00:00+03:00,10:00,1747.28,0.0,0,-1613.9,-1013.9
2026-03-18T11:00:00+03:00,11:00,1658.33,0.0,0,-1652.94,-1022.94
2026-03-18T12:00:00+03:00,12:00,1460.67,0.0,0,-1459.94,-660.81
2026-03-18T13:00:00+03:00,13:00,945.33,0.0,0,-931.7,12.19
2026-03-18T14:00:00+03:00,14:00,1025.17,0.0,0,-971.53,388.97
2026-03-18T15:00:00+03:00,15:00,1263.67,0.0,0,-1120.24,223.76
2026-03-18T16:00:00+03:00,16:00,1563.97,0.0,0,-1482.94,-407.03
2026-03-18T17:00:00+03:00,17:00,0.0,0.0,0,0.0,574.27
2026-03-18T18:00:00+03:00,18:00,8.75,0.0,0,-8.75,955.97
2026-03-18T19:00:00+03:00,19:00,123.83,0.0,0,-120.08,392.31
2026-03-18T20:00:00+03:00,20:00,133.69,0.0,0,-108.02,-108.02
2026-03-18T21:00:00+03:00,21:00,347.0,0.0,0,-346.99,-346.99
2026-03-18T22:00:00+03:00,22:00,781.1,0.0,0,-589.81,-589.81
2026-03-18T23:00:00+03:00,23:00,414.75,0.0,0,-345.69,-345.69
2026-03-19T00:00:00+03:00,00:00,64.43,0.0,0,-64.17,606.33
2026-03-19T01:00:00+03:00,01:00,46.67,0.0,0,-46.67,667.33
2026-03-19T02:00:00+03:00,02:00,0.0,0.0,0,0.0,559.5
2026-03-19T03:00:00+03:00,03:00,0.0,0.0,0,0.0,515.98
2026-03-19T04:00:00+03:00,04:00,0.0,0.0,0,0.0,349.27
2026-03-19T05:00:00+03:00,05:00,175.5,0.0,0,-175.5,-175.5
2026-03-19T06:00:00+03:00,06:00,370.48,0.0,0,-365.87,-234.53
2026-03-19T07:00:00+03:00,07:00,1110.8,0.0,0,-1110.53,-1110.53
2026-03-19T08:00:00+03:00,08:00,1395.17,0.0,0,-1392.94,-1392.94
2026-03-19T09:00:00+03:00,09:00,938.42,0.0,0,-938.17,-938.17
2026-03-19T10:00:00+03:00,10:00,927.58,0.0,0,-927.33,-927.33
2026-03-19T11:00:00+03:00,11:00,730.68,0.0,0,-730.13,-730.13
2026-03-19T12:00:00+03:00,12:00,370.0,0.0,0,-369.99,-369.99
2026-03-19T13:00:00+03:00,13:00,613.33,0.0,0,-612.31,-612.31
2026-03-19T14:00:00+03:00,14:00,867.17,0.0,0,-864.83,-733.59
2026-03-19T15:00:00+03:00,15:00,140.38,0.0,0,-140.31,2.68
2026-03-19T16:00:00+03:00,16:00,0.0,0.0,0,0.0,537.01
2026-03-19T17:00:00+03:00,17:00,74.67,0.0,0,-74.67,606.34
2026-03-19T18:00:00+03:00,18:00,85.83,0.0,0,-83.61,714.06
2026-03-19T19:00:00+03:00,19:00,243.13,0.0,0,-107.48,-107.48
2026-03-19T20:00:00+03:00,20:00,276.82,0.0,0,-270.6,-44.27
2026-03-19T21:00:00+03:00,21:00,19.28,0.0,0,-19.28,577.37
2026-03-19T22:00:00+03:00,22:00,147.88,0.0,0,-146.51,735.65
2026-03-19T23:00:00+03:00,23:00,0.0,0.0,0,0.0,855.25
2026-03-20T00:00:00+03:00,00:00,0.0,0.0,0,0.0,1153.57
2026-03-20T01:00:00+03:00,01:00,303.57,0.0,0,-301.57,1497.45
2026-03-20T02:00:00+03:00,02:00,103.43,0.0,0,-103.19,1072.32
2026-03-20T03:00:00+03:00,03:00,97.83,0.0,0,-97.83,968.11
2026-03-20T04:00:00+03:00,04:00,0.0,0.0,0,0.0,575.23
2026-03-20T05:00:00+03:00,05:00,0.0,0.0,0,0.0,337.16
2026-03-20T06:00:00+03:00,06:00,0.0,0.0,0,0.0,1003.7
2026-03-20T07:00:00+03:00,07:00,0.0,0.0,0,0.0,1266.37
2026-03-20T08:00:00+03:00,08:00,45.0,0.0,0,-45.0,731.84
2026-03-20T09:00:00+03:00,09:00,75.25,0.0,0,-75.25,341.49
2026-03-20T10:00:00+03:00,10:00,225.78,0.0,0,-214.03,-214.03
2026-03-20T11:00:00+03:00,11:00,312.15,0.0,0,-311.92,-311.92
2026-03-20T12:00:00+03:00,12:00,886.33,0.0,0,-877.97,-877.97
2026-03-20T13:00:00+03:00,13:00,782.87,0.0,0,-771.99,-771.99
2026-03-20T14:00:00+03:00,14:00,1114.92,0.0,0,-1110.11,-1084.92
2026-03-20T15:00:00+03:00,15:00,1632.37,0.0,0,-1614.17,-1592.43
2026-03-20T16:00:00+03:00,16:00,979.25,0.0,0,-979.25,-951.25
2026-03-20T17:00:00+03:00,17:00,551.95,0.0,0,-551.95,-382.02
2026-03-20T18:00:00+03:00,18:00,181.3,0.0,0,-178.63,104.92
2026-03-20T19:00:00+03:00,19:00,0.0,0.0,0,0.0,797.09
2026-03-20T20:00:00+03:00,20:00,130.2,0.0,0,-130.2,775.34
2026-03-20T21:00:00+03:00,21:00,1.95,0.0,0,-1.95,840.23
2026-03-20T22:00:00+03:00,22:00,143.7,0.0,0,-143.7,551.4
2026-03-20T23:00:00+03:00,23:00,196.9,0.0,0,-196.59,400.96
2026-03-21T00:00:00+03:00,00:00,652.98,0.0,0,-563.67,-172.48
2026-03-21T01:00:00+03:00,01:00,380.67,0.0,0,-380.54,-380.54
2026-03-21T02:00:00+03:00,02:00,54.77,0.0,0,-54.77,177.33
2026-03-21T03:00:00+03:00,03:00,0.0,0.0,0,0.0,363.48
2026-03-21T04:00:00+03:00,04:00,0.0,0.0,0,0.0,339.59
2026-03-21T05:00:00+03:00,05:00,0.0,0.0,0,0.0,378.53
2026-03-21T06:00:00+03:00,06:00,166.25,0.0,0,-166.25,926.61
2026-03-21T07:00:00+03:00,07:00,371.62,0.0,0,-362.65,-197.36
2026-03-21T08:00:00+03:00,08:00,1330.33,0.0,0,-1329.05,-1329.05
2026-03-21T09:00:00+03:00,09:00,2012.83,0.0,0,-2012.42,-2012.42
2026-03-21T10:00:00+03:00,10:00,1669.42,0.0,0,-1668.75,-1668.75
2026-03-21T11:00:00+03:00,11:00,880.08,0.0,0,-879.79,-879.79
2026-03-21T12:00:00+03:00,12:00,588.0,0.0,0,-586.56,-586.56
2026-03-21T13:00:00+03:00,13:00,771.0,0.0,0,-769.75,-769.75
2026-03-21T14:00:00+03:00,14:00,1643.0,0.0,0,-1411.34,-1411.34
2026-03-21T15:00:00+03:00,15:00,2038.0,0.0,0,-1729.64,-1729.64
2026-03-21T16:00:00+03:00,16:00,1755.08,0.0,0,-1705.56,-1705.56
2026-03-21T17:00:00+03:00,17:00,848.08,0.0,0,-797.28,-715.78
2026-03-21T18:00:00+03:00,18:00,532.17,0.0,0,-530.75,-530.75
2026-03-21T19:00:00+03:00,19:00,248.87,0.0,0,-244.77,-106.78
2026-03-21T20:00:00+03:00,20:00,180.0,0.0,0,-172.0,-69.86
2026-03-21T21:00:00+03:00,21:00,51.75,0.0,0,-51.75,74.25
2026-03-21T22:00:00+03:00,22:00,149.38,0.0,0,-149.22,-149.22
2026-03-21T23:00:00+03:00,23:00,121.33,0.0,0,-121.33,-121.33
2026-03-22T00:00:00+03:00,00:00,66.83,0.0,0,-66.76,109.74
2026-03-22T01:00:00+03:00,01:00,124.07,0.0,0,-122.07,-101.07
2026-03-22T02:00:00+03:00,02:00,739.22,0.0,0,-725.53,-725.53
2026-03-22T03:00:00+03:00,03:00,935.77,0.0,0,-934.56,-934.56
2026-03-22T04:00:00+03:00,04:00,1151.58,0.0,0,-1142.69,-1142.69
2026-03-22T05:00:00+03:00,05:00,1291.2,0.0,0,-1286.04,-1286.04
2026-03-22T06:00:00+03:00,06:00,1013.75,0.0,0,-993.54,-993.54
2026-03-22T07:00:00+03:00,07:00,1502.42,0.0,0,-1447.59,-1447.59
2026-03-22T08:00:00+03:00,08:00,1904.0,0.0,0,-1851.98,-1851.98
2026-03-22T09:00:00+03:00,09:00,1547.45,0.0,0,-1527.16,-1527.16
2026-03-22T10:00:00+03:00,10:00,612.75,0.0,0,-612.16,-612.16
2026-03-22T11:00:00+03:00,11:00,48.58,0.0,0,-47.83,319.94
2026-03-22T12:00:00+03:00,12:00,0.0,0.0,0,0.0,1379.48
2026-03-22T13:00:00+03:00,13:00,0.0,0.0,0,0.0,1163.68
2026-03-22T14:00:00+03:00,14:00,0.0,0.0,0,0.0,477.56
2026-03-22T15:00:00+03:00,15:00,1041.4,0.0,0,-985.52,-939.31
2026-03-22T16:00:00+03:00,16:00,1427.02,0.0,0,-1276.02,-1276.02
2026-03-22T17:00:00+03:00,17:00,2050.08,0.0,0,-1748.23,-1476.2
2026-03-22T18:00:00+03:00,18:00,453.37,0.0,0,-436.63,-200.8
2026-03-22T19:00:00+03:00,19:00,104.98,0.0,0,-104.81,365.67
2026-03-22T20:00:00+03:00,20:00,49.5,0.0,0,-49.5,669.87
2026-03-22T21:00:00+03:00,21:00,27.33,0.0,0,-27.33,637.21
2026-03-22T22:00:00+03:00,22:00,106.62,0.0,0,-106.62,419.85
2026-03-22T23:00:00+03:00,23:00,34.1,0.0,0,-25.06,371.44
2026-03-23T00:00:00+03:00,00:00,388.33,0.0,0,-383.38,-383.38
2026-03-23T01:00:00+03:00,01:00,543.25,0.0,0,-543.18,-475.68
2026-03-23T02:00:00+03:00,02:00,260.0,0.0,0,-259.88,-259.88
2026-03-23T03:00:00+03:00,03:00,246.93,0.0,0,-236.92,-236.92
2026-03-23T04:00:00+03:00,04:00,258.0,0.0,0,-240.54,-240.54
2026-03-23T05:00:00+03:00,05:00,222.7,0.0,0,-196.7,-169.2
2026-03-23T06:00:00+03:00,06:00,19.65,0.0,0,-19.62,84.27
2026-03-23T07:00:00+03:00,07:00,387.12,0.0,0,-263.92,404.07
2026-03-23T08:00:00+03:00,08:00,221.48,141.38,0,-361.32,2267.14
2026-03-23T09:00:00+03:00,09:00,235.75,0.0,0,-235.75,2676.9
2026-03-23T10:00:00+03:00,10:00,210.4,0.0,0,-210.4,2051.85
2026-03-23T11:00:00+03:00,11:00,606.03,0.0,0,-580.16,1641.13
2026-03-23T12:00:00+03:00,12:00,1712.18,0.0,0,-1123.02,937.58
2026-03-23T13:00:00+03:00,13:00,1509.47,0.0,0,-1420.33,764.89
2026-03-23T14:00:00+03:00,14:00,1342.32,0.0,0,-1176.58,1056.59
2026-03-23T15:00:00+03:00,15:00,2817.9,0.0,0,-2378.31,-94.54
2026-03-23T16:00:00+03:00,16:00,1385.98,0.0,0,-1311.43,1186.57
2026-03-23T17:00:00+03:00,17:00,302.55,0.0,0,-299.56,1657.41
2026-03-23T18:00:00+03:00,18:00,360.72,0.0,0,-358.51,529.08
2026-03-23T19:00:00+03:00,19:00,0.0,0.0,0,0.0,1289.22
2026-03-23T20:00:00+03:00,20:00,0.0,0.0,0,0.0,1016.03
2026-03-23T21:00:00+03:00,21:00,38.5,0.0,0,-38.5,1584.46
2026-03-23T22:00:00+03:00,22:00,62.33,0.0,0,-62.04,1833.12
2026-03-23T23:00:00+03:00,23:00,222.9,0.0,0,-222.41,1425.96
2026-03-24T00:00:00+03:00,00:00,357.83,0.0,0,-357.83,1095.46
2026-03-24T01:00:00+03:00,01:00,287.72,0.0,0,-287.72,1118.08
2026-03-24T02:00:00+03:00,02:00,0.0,0.0,0,0.0,894.49
2026-03-24T03:00:00+03:00,03:00,280.33,0.0,0,-250.61,-145.95
2026-03-24T04:00:00+03:00,04:00,0.0,0.0,0,0.0,652.93
2026-03-24T05:00:00+03:00,05:00,47.4,0.0,0,-45.09,85.63
2026-03-24T06:00:00+03:00,06:00,378.5,0.0,0,-210.01,62.54
2026-03-24T07:00:00+03:00,07:00,1135.62,0.0,0,-890.01,-365.32
2026-03-24T08:00:00+03:00,08:00,598.17,90.65,0,-683.26,1528.96
2026-03-24T09:00:00+03:00,09:00,1009.83,201.67,0,-880.53,1931.15
2026-03-24T10:00:00+03:00,10:00,2214.77,192.08,0,-1950.18,1334.61
2026-03-24T11:00:00+03:00,11:00,1347.67,851.0,0,-2162.77,1190.86
2026-03-24T12:00:00+03:00,12:00,2385.15,80.75,0,-2058.88,821.64
2026-03-24T13:00:00+03:00,13:00,3270.0,0.0,0,-2910.91,129.74
2026-03-24T14:00:00+03:00,14:00,3662.67,0.0,0,-3432.86,-356.61
2026-03-24T15:00:00+03:00,15:00,3300.1,0.0,0,-3004.31,49.17
2026-03-24T16:00:00+03:00,16:00,3144.5,0.0,0,-2834.24,226.81
2026-03-24T17:00:00+03:00,17:00,2843.53,0.0,0,-2480.22,227.56
2026-03-24T18:00:00+03:00,18:00,2060.93,0.0,0,-1917.89,-169.57
2026-03-24T19:00:00+03:00,19:00,0.0,0.0,0,0.0,1295.61
2026-03-24T20:00:00+03:00,20:00,452.24,0.0,0,-254.87,915.52
2026-03-24T21:00:00+03:00,21:00,570.8,0.0,0,-562.91,312.23
2026-03-24T22:00:00+03:00,22:00,274.24,0.0,0,-260.69,208.71
2026-03-24T23:00:00+03:00,23:00,331.57,0.0,0,-327.16,-101.84
2026-03-25T00:00:00+03:00,00:00,907.06,0.0,0,-885.76,-816.26
2026-03-25T01:00:00+03:00,01:00,1110.08,0.0,0,-1090.08,-1058.58
2026-03-25T02:00:00+03:00,02:00,911.18,0.0,0,-841.2,-841.2
2026-03-25T03:00:00+03:00,03:00,660.5,0.0,0,-595.92,-595.92
2026-03-25T04:00:00+03:00,04:00,569.42,0.0,0,-504.38,-504.38
2026-03-25T05:00:00+03:00,05:00,706.17,0.0,0,-642.05,-642.05
2026-03-25T06:00:00+03:00,06:00,590.83,0.0,0,-529.65,-404.21
2026-03-25T07:00:00+03:00,07:00,1375.4,0.0,0,-1372.9,-679.04
2026-03-25T08:00:00+03:00,08:00,2579.5,0.0,0,-2566.97,-1266.97
2026-03-25T09:00:00+03:00,09:00,2752.58,0.0,0,-2739.94,-1439.94
2026-03-25T10:00:00+03:00,10:00,3786.33,0.0,0,-3776.43,-2476.43
2026-03-25T11:00:00+03:00,11:00,2719.4,0.0,0,-2715.12,-1527.12
2026-03-25T12:00:00+03:00,12:00,2367.52,0.0,0,-2318.55,-1418.55
2026-03-25T13:00:00+03:00,13:00,2070.98,0.0,0,-2069.67,-1169.67
2026-03-25T14:00:00+03:00,14:00,2758.32,0.0,0,-2758.07,-1858.07
2026-03-25T15:00:00+03:00,15:00,3170.5,0.0,0,-3169.42,-2551.23
2026-03-25T16:00:00+03:00,16:00,2982.3,0.0,0,-2972.05,-2326.62
2026-03-25T17:00:00+03:00,17:00,1923.05,0.0,0,-1921.05,-1138.63
2026-03-25T18:00:00+03:00,18:00,687.23,0.0,0,-687.23,-112.88
2026-03-25T19:00:00+03:00,19:00,0.0,0.0,0,0.0,1011.0
2026-03-25T20:00:00+03:00,20:00,28.42,0.0,0,-28.42,591.75
2026-03-25T21:00:00+03:00,21:00,14.67,0.0,0,-14.32,352.51
2026-03-25T22:00:00+03:00,22:00,44.0,0.0,0,-43.01,187.37
2026-03-25T23:00:00+03:00,23:00,111.13,0.0,0,-109.7,-109.7
2026-03-26T00:00:00+03:00,00:00,217.17,0.0,0,-207.37,-184.62
2026-03-26T01:00:00+03:00,01:00,153.0,0.0,0,-150.76,-90.99
2026-03-26T02:00:00+03:00,02:00,54.0,0.0,0,-54.0,-54.0
2026-03-26T03:00:00+03:00,03:00,0.0,0.0,0,0.0,22.5
2026-03-26T04:00:00+03:00,04:00,0.0,0.0,0,0.0,0.0
2026-03-26T05:00:00+03:00,05:00,0.0,0.0,0,0.0,0.0
2026-03-26T06:00:00+03:00,06:00,59.5,0.0,0,-33.59,64.41
2026-03-26T07:00:00+03:00,07:00,1112.7,0.0,0,-795.54,-195.04
2026-03-26T08:00:00+03:00,08:00,860.78,321.8,0,-1182.53,1051.99
2026-03-26T09:00:00+03:00,09:00,351.33,769.77,0,-1092.23,1998.06
2026-03-26T10:00:00+03:00,10:00,2050.68,0.0,0,-1586.24,1021.17
2026-03-26T11:00:00+03:00,11:00,2067.67,0.0,0,-2054.48,1161.35
2026-03-26T12:00:00+03:00,12:00,2197.97,0.0,0,-2191.75,235.83
2026-03-26T13:00:00+03:00,13:00,2215.42,0.0,0,-2213.53,-197.62
2026-03-26T14:00:00+03:00,14:00,2429.83,0.0,0,-2420.45,-378.79
2026-03-26T15:00:00+03:00,15:00,2778.98,0.0,0,-2771.43,-1084.76
2026-03-26T16:00:00+03:00,16:00,2747.33,0.0,0,-2614.67,-1157.54
2026-03-26T17:00:00+03:00,17:00,2725.58,0.0,0,-2201.62,-368.7
2026-03-26T18:00:00+03:00,18:00,1180.62,0.0,0,-1105.86,101.47
2026-03-26T19:00:00+03:00,19:00,38.75,243.02,0,-281.77,842.38
2026-03-26T20:00:00+03:00,20:00,54.25,361.0,0,-412.43,1093.64
2026-03-26T21:00:00+03:00,21:00,42.63,262.0,0,-279.1,1048.62
2026-03-26T22:00:00+03:00,22:00,37.8,262.0,0,-299.5,602.07
2026-03-26T23:00:00+03:00,23:00,149.52,325.67,0,-445.2,702.72
2026-03-27T00:00:00+03:00,00:00,644.48,0.0,0,-551.48,-51.48
2026-03-27T01:00:00+03:00,01:00,236.25,0.0,0,-235.07,171.22
2026-03-27T02:00:00+03:00,02:00,0.0,0.0,0,0.0,711.39
2026-03-27T03:00:00+03:00,03:00,0.0,0.0,0,0.0,746.21
2026-03-27T04:00:00+03:00,04:00,0.0,0.0,0,0.0,481.47
2026-03-27T05:00:00+03:00,05:00,0.0,0.0,0,0.0,488.95
2026-03-27T06:00:00+03:00,06:00,29.33,0.0,0,-29.33,707.52
2026-03-27T07:00:00+03:00,07:00,463.58,0.0,0,-453.25,596.75
2026-03-27T08:00:00+03:00,08:00,1422.73,0.0,0,-1397.39,350.39
2026-03-27T09:00:00+03:00,09:00,2086.15,0.0,0,-2045.82,278.57
2026-03-27T10:00:00+03:00,10:00,3390.67,0.0,0,-3390.38,-463.55
2026-03-27T11:00:00+03:00,11:00,3430.0,0.0,0,-3391.86,-1397.95
2026-03-27T12:00:00+03:00,12:00,3445.75,0.0,0,-3399.03,-1789.34
2026-03-27T13:00:00+03:00,13:00,4754.15,0.0,0,-4727.78,-3134.45
2026-03-27T14:00:00+03:00,14:00,3098.4,0.0,0,-3097.4,-1888.29
2026-03-27T15:00:00+03:00,15:00,3459.42,0.0,0,-3458.3,-1479.5
2026-03-27T16:00:00+03:00,16:00,2868.03,0.0,0,-2829.16,-1379.56
2026-03-27T17:00:00+03:00,17:00,2016.08,0.0,0,-2012.25,-819.84
2026-03-27T18:00:00+03:00,18:00,1775.88,0.0,0,-1719.83,-713.58
2026-03-27T19:00:00+03:00,19:00,29.32,130.33,0,-157.44,847.21
2026-03-27T20:00:00+03:00,20:00,694.72,129.77,0,-492.82,402.78
2026-03-27T21:00:00+03:00,21:00,1479.0,0.0,0,-1366.69,-943.51
2026-03-27T22:00:00+03:00,22:00,1454.3,0.0,0,-1181.02,-1181.02
2026-03-27T23:00:00+03:00,23:00,1367.63,0.0,0,-1245.7,-1245.7
2026-03-28T00:00:00+03:00,00:00,1401.5,0.0,0,-1207.27,-1079.63
2026-03-28T01:00:00+03:00,01:00,1020.25,0.0,0,-895.22,-895.22
2026-03-28T02:00:00+03:00,02:00,494.67,0.0,0,-418.97,-418.97
2026-03-28T03:00:00+03:00,03:00,435.0,0.0,0,-370.74,-370.74
2026-03-28T04:00:00+03:00,04:00,469.0,0.0,0,-403.61,-403.61
2026-03-28T05:00:00+03:00,05:00,436.0,0.0,0,-370.04,-370.04
2026-03-28T06:00:00+03:00,06:00,844.58,0.0,0,-757.23,-640.73
2026-03-28T07:00:00+03:00,07:00,921.52,0.0,0,-880.42,-194.79
2026-03-28T08:00:00+03:00,08:00,1367.25,0.0,0,-1344.94,-344.94
2026-03-28T09:00:00+03:00,09:00,1040.85,0.0,0,-1040.35,661.81
2026-03-28T10:00:00+03:00,10:00,1650.67,0.0,0,-1636.67,1481.91
2026-03-28T11:00:00+03:00,11:00,1883.17,0.0,0,-1878.05,1912.58
2026-03-28T12:00:00+03:00,12:00,2574.0,0.0,0,-2568.35,1579.09
2026-03-28T13:00:00+03:00,13:00,3246.25,0.0,0,-3244.25,950.97
2026-03-28T14:00:00+03:00,14:00,3915.5,0.0,0,-3910.46,323.91
2026-03-28T15:00:00+03:00,15:00,5180.48,0.0,0,-5169.05,-1604.98
2026-03-28T16:00:00+03:00,16:00,4901.22,0.0,0,-4845.03,-1359.98
2026-03-28T17:00:00+03:00,17:00,4451.32,0.0,0,-4190.05,-1051.98
2026-03-28T18:00:00+03:00,18:00,3105.72,0.0,0,-2748.34,-690.76
2026-03-28T19:00:00+03:00,19:00,1169.6,110.25,0,-1194.67,834.79
2026-03-28T20:00:00+03:00,20:00,1595.3,194.65,0,-1166.97,736.35
2026-03-28T21:00:00+03:00,21:00,1684.0,313.33,0,-1697.33,208.56
2026-03-28T22:00:00+03:00,22:00,1499.52,50.83,0,-1422.78,488.27
2026-03-28T23:00:00+03:00,23:00,1284.98,0.0,0,-1268.01,544.02
2026-03-29T00:00:00+03:00,00:00,618.67,0.0,0,-588.12,307.46
2026-03-29T01:00:00+03:00,01:00,2186.95,0.0,0,-1669.62,153.59
2026-03-29T02:00:00+03:00,02:00,1963.33,0.0,0,-1955.13,397.05
2026-03-29T03:00:00+03:00,03:00,1092.0,0.0,0,-1092.0,399.56
2026-03-29T04:00:00+03:00,04:00,1176.5,0.0,0,-1175.9,316.83
2026-03-29T05:00:00+03:00,05:00,1184.0,0.0,0,-1164.19,329.44
2026-03-29T06:00:00+03:00,06:00,1329.83,0.0,0,-1309.13,230.83
2026-03-29T07:00:00+03:00,07:00,1774.92,0.0,0,-1769.82,-341.01
2026-03-29T08:00:00+03:00,08:00,2068.0,0.0,0,-2067.53,-841.33
2026-03-29T09:00:00+03:00,09:00,1718.33,0.0,0,-1718.12,-733.83
2026-03-29T10:00:00+03:00,10:00,1465.75,0.0,0,-1449.38,-525.36
2026-03-29T11:00:00+03:00,11:00,522.82,0.0,0,-502.61,504.35
2026-03-29T12:00:00+03:00,12:00,348.33,0.0,0,-338.05,1052.3
2026-03-29T13:00:00+03:00,13:00,98.97,0.0,0,-98.97,1331.15
2026-03-29T14:00:00+03:00,14:00,378.83,0.0,0,-363.74,1389.91
2026-03-29T15:00:00+03:00,15:00,1225.32,0.0,0,-1173.99,1158.14
2026-03-29T16:00:00+03:00,16:00,1636.35,0.0,0,-1565.85,165.95
2026-03-29T17:00:00+03:00,17:00,2366.67,0.0,0,-2364.67,-693.65
2026-03-29T18:00:00+03:00,18:00,2385.47,0.0,0,-2264.07,-960.19
2026-03-29T19:00:00+03:00,19:00,363.2,0.0,0,-323.96,348.84
2026-03-29T20:00:00+03:00,20:00,31.67,0.0,0,-31.67,609.13
2026-03-29T21:00:00+03:00,21:00,1126.89,0.0,0,-756.48,-228.43
2026-03-29T22:00:00+03:00,22:00,1169.07,0.0,0,-986.05,-829.37
2026-03-29T23:00:00+03:00,23:00,567.1,0.0,0,-558.79,-523.87
2026-03-30T00:00:00+03:00,00:00,87.75,0.0,0,-87.75,-60.15
2026-03-30T01:00:00+03:00,01:00,31.67,0.0,0,-31.67,195.51
2026-03-30T02:00:00+03:00,02:00,0.0,0.0,0,0.0,241.2
2026-03-30T03:00:00+03:00,03:00,0.0,0.0,0,0.0,75.25
2026-03-30T04:00:00+03:00,04:00,241.42,0.0,0,-237.83,-237.83
2026-03-30T05:00:00+03:00,05:00,304.0,0.0,0,-303.59,-301.85
2026-03-30T06:00:00+03:00,06:00,530.32,0.0,0,-514.1,-487.43
2026-03-30T07:00:00+03:00,07:00,1668.58,0.0,0,-1379.16,-639.64
2026-03-30T08:00:00+03:00,08:00,3013.05,0.0,0,-2832.1,-175.53
2026-03-30T09:00:00+03:00,09:00,3610.83,0.0,0,-3550.53,680.27
2026-03-30T10:00:00+03:00,10:00,4022.63,0.0,0,-3971.03,1119.64
2026-03-30T11:00:00+03:00,11:00,4462.58,0.0,0,-4397.73,901.24
2026-03-30T12:00:00+03:00,12:00,3982.08,0.0,0,-3939.88,1134.44
2026-03-30T13:00:00+03:00,13:00,4520.83,0.0,0,-4364.67,642.03
2026-03-30T14:00:00+03:00,14:00,4722.17,0.0,0,-4480.1,786.95
2026-03-30T15:00:00+03:00,15:00,3384.76,0.0,0,-3100.97,909.96
2026-03-30T16:00:00+03:00,16:00,2271.83,471.83,0,-2456.12,1298.57
2026-03-30T17:00:00+03:00,17:00,0.0,1838.0,0,-1836.9,1839.14
2026-03-30T18:00:00+03:00,18:00,35.0,1730.0,0,-1764.54,939.24
2026-03-30T19:00:00+03:00,19:00,63.22,1657.67,0,-1719.05,541.4
2026-03-30T20:00:00+03:00,20:00,36.17,1344.0,0,-1379.78,981.78
2026-03-30T21:00:00+03:00,21:00,391.93,1057.0,0,-1448.45,1226.68
2026-03-30T22:00:00+03:00,22:00,498.0,1025.0,0,-1522.88,945.7
2026-03-30T23:00:00+03:00,23:00,853.83,823.5,0,-1246.4,812.86
2026-03-31T00:00:00+03:00,00:00,1791.0,122.45,0,-1845.28,25.05
2026-03-31T01:00:00+03:00,01:00,1523.33,115.15,0,-1588.52,615.14
2026-03-31T02:00:00+03:00,02:00,1168.0,0.0,0,-1144.03,322.61
2026-03-31T03:00:00+03:00,03:00,139.5,0.0,0,-138.58,-81.24
2026-03-31T04:00:00+03:00,04:00,0.0,0.0,0,0.0,217.73
2026-03-31T05:00:00+03:00,05:00,0.0,0.0,0,0.0,493.46
2026-03-31T06:00:00+03:00,06:00,385.2,0.0,0,-300.37,497.59
2026-03-31T07:00:00+03:00,07:00,1453.67,0.0,0,-1379.29,-490.29
2026-03-31T08:00:00+03:00,08:00,2604.07,0.0,0,-2570.93,684.88
2026-03-31T09:00:00+03:00,09:00,4020.58,0.0,0,-3968.02,-233.44
2026-03-31T10:00:00+03:00,10:00,4486.17,0.0,0,-4484.87,-1201.51
2026-03-31T11:00:00+03:00,11:00,4348.08,0.0,0,-4345.63,-279.89
2026-03-31T12:00:00+03:00,12:00,5557.42,0.0,0,-5171.37,-1155.35
2026-03-31T13:00:00+03:00,13:00,5041.13,0.0,0,-4780.2,-912.2
2026-03-31T14:00:00+03:00,14:00,3677.62,0.0,0,-3644.09,-342.72
2026-03-31T15:00:00+03:00,15:00,3835.5,0.0,0,-3814.46,-549.32
2026-03-31T16:00:00+03:00,16:00,3225.6,0.0,0,-3086.53,390.35
2026-03-31T17:00:00+03:00,17:00,3632.33,0.0,0,-3304.72,559.32
2026-03-31T18:00:00+03:00,18:00,4036.92,0.0,0,-3659.0,-217.18
2026-03-31T19:00:00+03:00,19:00,2217.62,24.5,0,-1962.65,-327.65
2026-03-31T20:00:00+03:00,20:00,1423.98,71.05,0,-1289.72,345.28
2026-03-31T21:00:00+03:00,21:00,2442.67,0.0,0,-2100.11,16.56
2026-03-31T22:00:00+03:00,22:00,2235.0,0.0,0,-1955.69,-160.69
2026-03-31T23:00:00+03:00,23:00,1536.17,0.0,0,-1270.17,321.42
2026-04-01T00:00:00+03:00,00:00,2032.63,0.0,0,-2031.76,-765.42
2026-04-01T01:00:00+03:00,01:00,1460.07,0.0,0,-1414.83,-281.83
2026-04-01T02:00:00+03:00,02:00,1096.0,0.0,0,-1093.49,-1093.49
2026-04-01T03:00:00+03:00,03:00,696.0,0.0,0,-693.66,-601.66
2026-04-01T04:00:00+03:00,04:00,708.5,0.0,0,-708.5,-708.5
2026-04-01T05:00:00+03:00,05:00,849.0,0.0,0,-831.08,-408.08
2026-04-01T06:00:00+03:00,06:00,1040.08,0.0,0,-1038.58,-165.33
2026-04-01T07:00:00+03:00,07:00,1909.65,0.0,0,-1900.29,71.51
2026-04-01T08:00:00+03:00,08:00,4112.43,0.0,0,-3923.09,-618.1
2026-04-01T09:00:00+03:00,09:00,6583.6,0.0,0,-6366.14,-2488.39
2026-04-01T10:00:00+03:00,10:00,6462.15,0.0,0,-6110.85,-2800.27
2026-04-01T11:00:00+03:00,11:00,6335.33,0.0,0,-6142.24,-2204.08
2026-04-01T12:00:00+03:00,12:00,5020.78,0.0,0,-4763.06,-922.17
2026-04-01T13:00:00+03:00,13:00,3542.58,0.0,0,-3461.02,85.67
2026-04-01T14:00:00+03:00,14:00,2532.42,0.0,0,-2529.39,907.94
2026-04-01T15:00:00+03:00,15:00,2375.3,0.0,0,-2373.57,894.87
2026-04-01T16:00:00+03:00,16:00,1841.0,0.0,0,-1840.01,1133.22
2026-04-01T17:00:00+03:00,17:00,2190.65,0.0,0,-2175.63,371.53
2026-04-01T18:00:00+03:00,18:00,2270.67,0.0,0,-2232.13,-1192.61
2026-04-01T19:00:00+03:00,19:00,510.37,71.05,0,-568.24,-568.24
2026-04-01T20:00:00+03:00,20:00,484.85,93.1,0,-390.0,-390.0
2026-04-01T21:00:00+03:00,21:00,1061.0,0.0,0,-937.8,-937.8
2026-04-01T22:00:00+03:00,22:00,608.62,0.0,0,-607.96,-607.96
2026-04-01T23:00:00+03:00,23:00,350.98,0.0,0,-350.98,-350.98
2026-04-02T00:00:00+03:00,00:00,271.55,0.0,0,-271.55,-233.05
2026-04-02T01:00:00+03:00,01:00,174.05,0.0,0,-145.79,-117.63
2026-04-02T02:00:00+03:00,02:00,315.5,0.0,0,-315.5,-315.5
2026-04-02T03:00:00+03:00,03:00,675.97,0.0,0,-673.64,-673.64
2026-04-02T04:00:00+03:00,04:00,1282.92,0.0,0,-1282.81,-1282.81
2026-04-02T05:00:00+03:00,05:00,1238.0,0.0,0,-1237.73,-1237.73
2026-04-02T06:00:00+03:00,06:00,1278.0,0.0,0,-1277.77,-1162.85
2026-04-02T07:00:00+03:00,07:00,1519.0,0.0,0,-1518.95,-1518.95
2026-04-02T08:00:00+03:00,08:00,2787.38,0.0,0,-2721.62,-1209.62
2026-04-02T09:00:00+03:00,09:00,2022.43,0.0,0,-2009.81,-311.81
2026-04-02T10:00:00+03:00,10:00,2187.0,0.0,0,-2146.57,-447.57
2026-04-02T11:00:00+03:00,11:00,1323.8,47.75,0,-1305.46,541.54
2026-04-02T12:00:00+03:00,12:00,1251.55,0.0,0,-1215.71,481.29
2026-04-02T13:00:00+03:00,13:00,2436.75,0.0,0,-2327.14,-409.14
2026-04-02T14:00:00+03:00,14:00,3075.03,0.0,0,-3072.26,-894.26
2026-04-02T15:00:00+03:00,15:00,3608.03,0.0,0,-3603.98,-1845.98
2026-04-02T16:00:00+03:00,16:00,3307.77,0.0,0,-3304.15,-1792.15
2026-04-02T17:00:00+03:00,17:00,3121.38,0.0,0,-3120.99,-1517.93
2026-04-02T18:00:00+03:00,18:00,1822.17,0.0,0,-1787.68,-594.68
2026-04-02T19:00:00+03:00,19:00,1097.48,109.52,0,-1035.85,269.34
2026-04-02T20:00:00+03:00,20:00,210.52,624.0,0,-821.89,555.88
2026-04-02T21:00:00+03:00,21:00,69.67,657.45,0,-725.54,398.46
2026-04-02T22:00:00+03:00,22:00,129.6,694.75,0,-820.39,348.61
2026-04-02T23:00:00+03:00,23:00,541.62,199.58,0,-680.2,410.3
2026-04-03T00:00:00+03:00,00:00,430.57,0.0,0,-426.66,431.58
2026-04-03T01:00:00+03:00,01:00,221.17,0.0,0,-221.17,454.18
2026-04-03T02:00:00+03:00,02:00,427.55,0.0,0,-422.63,-418.68
2026-04-03T03:00:00+03:00,03:00,729.75,0.0,0,-729.13,-729.13
2026-04-03T04:00:00+03:00,04:00,627.0,0.0,0,-627.0,-627.0
2026-04-03T05:00:00+03:00,05:00,306.0,0.0,0,-306.0,-267.67
2026-04-03T06:00:00+03:00,06:00,109.08,0.0,0,-108.52,297.53
2026-04-03T07:00:00+03:00,07:00,83.62,0.0,0,-83.62,274.34
2026-04-03T08:00:00+03:00,08:00,16.7,0.0,0,-16.7,1833.8
2026-04-03T09:00:00+03:00,09:00,510.35,0.0,0,-500.38,1825.15
2026-04-03T10:00:00+03:00,10:00,1302.25,0.0,0,-1296.52,791.48
2026-04-03T11:00:00+03:00,11:00,1279.23,0.0,0,-1269.0,884.33
2026-04-03T12:00:00+03:00,12:00,945.13,0.0,0,-900.26,1162.41
2026-04-03T13:00:00+03:00,13:00,2345.33,0.0,0,-2040.52,-369.79
2026-04-03T14:00:00+03:00,14:00,1356.9,0.0,0,-1292.18,551.48
2026-04-03T15:00:00+03:00,15:00,1682.25,0.0,0,-1680.75,317.25
2026-04-03T16:00:00+03:00,16:00,1843.17,0.0,0,-1832.47,525.29
2026-04-03T17:00:00+03:00,17:00,2155.85,0.0,0,-2147.55,-224.82
2026-04-03T18:00:00+03:00,18:00,1179.58,0.0,0,-1174.13,306.87
2026-04-03T19:00:00+03:00,19:00,158.0,309.65,0,-467.65,527.68
2026-04-03T20:00:00+03:00,20:00,0.0,469.5,0,-469.15,494.98
2026-04-03T21:00:00+03:00,21:00,0.0,520.83,0,-519.88,378.31
2026-04-03T22:00:00+03:00,22:00,0.0,750.0,0,-749.53,-43.17
2026-04-03T23:00:00+03:00,23:00,137.77,333.83,0,-471.26,28.74
2026-04-04T00:00:00+03:00,00:00,300.78,0.0,0,-298.23,-108.34
2026-04-04T01:00:00+03:00,01:00,279.75,0.0,0,-279.75,-205.0
2026-04-04T02:00:00+03:00,02:00,152.0,0.0,0,-152.0,-54.97
2026-04-04T03:00:00+03:00,03:00,136.0,0.0,0,-135.91,-113.91
2026-04-04T04:00:00+03:00,04:00,18.27,0.0,0,-18.27,133.41
2026-04-04T05:00:00+03:00,05:00,0.0,0.0,0,0.0,451.04
2026-04-04T06:00:00+03:00,06:00,308.82,0.0,0,-278.56,190.61
2026-04-04T07:00:00+03:00,07:00,1558.15,0.0,0,-1550.34,-713.59
2026-04-04T08:00:00+03:00,08:00,2050.42,0.0,0,-2049.81,-640.81
2026-04-04T09:00:00+03:00,09:00,2335.83,0.0,0,-2335.43,-197.32
2026-04-04T10:00:00+03:00,10:00,3257.67,0.0,0,-3254.27,-600.97
2026-04-04T11:00:00+03:00,11:00,3728.25,0.0,0,-3725.44,-124.43
2026-04-04T12:00:00+03:00,12:00,4000.4,0.0,0,-3999.61,-1001.0
2026-04-04T13:00:00+03:00,13:00,3802.67,0.0,0,-3798.56,-1408.27
2026-04-04T14:00:00+03:00,14:00,3819.8,0.0,0,-3817.15,-1418.68
2026-04-04T15:00:00+03:00,15:00,4102.0,0.0,0,-4084.27,-1676.04
2026-04-04T16:00:00+03:00,16:00,4682.63,0.0,0,-4568.61,-2169.86
2026-04-04T17:00:00+03:00,17:00,5213.98,0.0,0,-5020.97,-2686.1
2026-04-04T18:00:00+03:00,18:00,3027.08,0.0,0,-2673.48,-204.92
2026-04-04T19:00:00+03:00,19:00,1357.52,134.02,0,-1352.86,336.59
2026-04-04T20:00:00+03:00,20:00,158.22,395.33,0,-522.68,1518.78
2026-04-04T21:00:00+03:00,21:00,446.97,269.25,0,-644.37,789.32
2026-04-04T22:00:00+03:00,22:00,664.5,377.47,0,-833.23,247.12
2026-04-04T23:00:00+03:00,23:00,462.83,332.17,0,-782.38,64.71
2026-04-05T00:00:00+03:00,00:00,498.5,0.0,0,-492.46,-366.64
2026-04-05T01:00:00+03:00,01:00,319.25,0.0,0,-319.25,681.22
2026-04-05T02:00:00+03:00,02:00,44.15,0.0,0,-44.15,330.25
2026-04-05T03:00:00+03:00,03:00,0.0,0.0,0,0.0,243.62
2026-04-05T04:00:00+03:00,04:00,0.0,0.0,0,0.0,124.94
2026-04-05T05:00:00+03:00,05:00,2.13,0.0,0,-2.13,-2.13
2026-04-05T06:00:00+03:00,06:00,389.65,0.0,0,-382.32,-52.89
2026-04-05T07:00:00+03:00,07:00,837.2,0.0,0,-813.68,-813.68
2026-04-05T08:00:00+03:00,08:00,2506.93,0.0,0,-2227.65,-2227.65
2026-04-05T09:00:00+03:00,09:00,3875.58,0.0,0,-3512.9,-3512.9
2026-04-05T10:00:00+03:00,10:00,4633.73,0.0,0,-4250.22,-4250.22
2026-04-05T11:00:00+03:00,11:00,5049.45,0.0,0,-4667.33,-4667.33
2026-04-05T12:00:00+03:00,12:00,5295.57,0.0,0,-4914.26,-4914.26
2026-04-05T13:00:00+03:00,13:00,4949.02,0.0,0,-4635.86,-4635.86
2026-04-05T14:00:00+03:00,14:00,4945.42,0.0,0,-4942.14,-4942.14
2026-04-05T15:00:00+03:00,15:00,4221.55,0.0,0,-4212.97,-4212.97
2026-04-05T16:00:00+03:00,16:00,4254.82,0.0,0,-4253.19,-4253.19
2026-04-05T17:00:00+03:00,17:00,1908.55,0.0,0,-1907.69,-1896.28
2026-04-05T18:00:00+03:00,18:00,1196.5,0.0,0,-1193.1,-1176.65
2026-04-05T19:00:00+03:00,19:00,464.15,92.4,0,-448.85,-168.82
2026-04-05T20:00:00+03:00,20:00,119.63,257.0,0,-332.43,414.79
2026-04-05T21:00:00+03:00,21:00,920.33,137.77,0,-936.32,-936.32
2026-04-05T22:00:00+03:00,22:00,247.2,0.0,0,-246.48,-197.39
2026-04-05T23:00:00+03:00,23:00,135.02,0.0,0,-105.07,-105.07
2026-04-06T00:00:00+03:00,00:00,309.63,0.0,0,-309.63,-125.57
2026-04-06T01:00:00+03:00,01:00,322.75,0.0,0,-320.94,-206.35
2026-04-06T02:00:00+03:00,02:00,532.25,0.0,0,-532.22,-532.22
2026-04-06T03:00:00+03:00,03:00,498.0,0.0,0,-497.94,-497.94
2026-04-06T04:00:00+03:00,04:00,591.58,0.0,0,-591.21,-591.21
2026-04-06T05:00:00+03:00,05:00,330.17,0.0,0,-330.17,-330.17
2026-04-06T06:00:00+03:00,06:00,286.5,0.0,0,-283.67,-283.67
2026-04-06T07:00:00+03:00,07:00,1149.53,0.0,0,-1065.21,-307.59
2026-04-06T08:00:00+03:00,08:00,3509.58,0.0,0,-3506.12,-483.94
2026-04-06T09:00:00+03:00,09:00,4606.97,0.0,0,-4606.92,-1497.84
2026-04-06T10:00:00+03:00,10:00,5249.0,0.0,0,-5245.61,-2755.61
2026-04-06T11:00:00+03:00,11:00,4731.92,0.0,0,-4730.43,-2240.43
2026-04-06T12:00:00+03:00,12:00,4741.88,0.0,0,-4686.26,-2196.26
2026-04-06T13:00:00+03:00,13:00,4154.35,0.0,0,-4153.06,-1603.06
2026-04-06T14:00:00+03:00,14:00,3607.0,0.0,0,-3602.23,-881.23
2026-04-06T15:00:00+03:00,15:00,3630.5,0.0,0,-3626.94,-1076.94
2026-04-06T16:00:00+03:00,16:00,4233.35,0.0,0,-4108.34,-1538.34
2026-04-06T17:00:00+03:00,17:00,4688.85,0.0,0,-4321.6,-1731.6
2026-04-06T18:00:00+03:00,18:00,3869.12,0.0,0,-3421.46,-1071.46
2026-04-06T19:00:00+03:00,19:00,2376.28,225.03,0,-2323.61,-542.86
2026-04-06T20:00:00+03:00,20:00,590.85,658.05,0,-1212.57,562.13
2026-04-06T21:00:00+03:00,21:00,1400.8,310.2,0,-1495.84,564.83
2026-04-06T22:00:00+03:00,22:00,1605.92,210.6,0,-1692.86,-42.7
2026-04-06T23:00:00+03:00,23:00,1599.4,195.5,0,-1648.36,-488.19
2026-04-07T00:00:00+03:00,00:00,1176.04,215.85,0,-1311.89,-1311.89
2026-04-07T01:00:00+03:00,01:00,171.75,190.4,0,-362.15,10.44
2026-04-07T02:00:00+03:00,02:00,110.25,0.0,0,-110.25,302.69
2026-04-07T03:00:00+03:00,03:00,0.0,0.0,0,0.0,0.0
2026-04-07T04:00:00+03:00,04:00,0.0,0.0,0,0.0,216.99
2026-04-07T05:00:00+03:00,05:00,0.0,0.0,0,0.0,202.48
2026-04-07T06:00:00+03:00,06:00,161.09,0.0,0,-121.66,49.41
2026-04-07T07:00:00+03:00,07:00,722.28,0.0,0,-720.83,-143.61
2026-04-07T08:00:00+03:00,08:00,2580.63,0.0,0,-2490.63,-16.18
2026-04-07T09:00:00+03:00,09:00,3781.27,0.0,0,-3676.91,94.19
2026-04-07T10:00:00+03:00,10:00,4050.0,0.0,0,-4010.77,-741.42
2026-04-07T11:00:00+03:00,11:00,3746.75,0.0,0,-3741.84,-630.84
2026-04-07T12:00:00+03:00,12:00,3529.37,0.0,0,-3529.07,-652.57
2026-04-07T13:00:00+03:00,13:00,3061.1,0.0,0,-3058.77,-590.77
2026-04-07T14:00:00+03:00,14:00,2734.52,0.0,0,-2728.93,-65.01
2026-04-07T15:00:00+03:00,15:00,3669.33,0.0,0,-3668.84,-964.84
2026-04-07T16:00:00+03:00,16:00,4582.75,0.0,0,-4580.01,-1878.01
2026-04-07T17:00:00+03:00,17:00,4599.0,0.0,0,-4332.05,-1757.05
2026-04-07T18:00:00+03:00,18:00,3524.47,0.0,0,-3342.28,-724.76
2026-04-07T19:00:00+03:00,19:00,2380.78,105.15,0,-2212.01,-51.55
2026-04-07T20:00:00+03:00,20:00,1715.67,343.17,0,-1804.84,385.54
2026-04-07T21:00:00+03:00,21:00,1915.23,167.17,0,-1992.1,65.52
2026-04-07T22:00:00+03:00,22:00,2069.92,34.3,0,-1891.92,2.75
2026-04-07T23:00:00+03:00,23:00,1301.55,0.0,0,-1157.81,-339.26
2026-04-08T00:00:00+03:00,00:00,1220.75,0.0,0,-1176.54,-1176.54
2026-04-08T01:00:00+03:00,01:00,687.93,0.0,0,-687.55,-687.55
2026-04-08T02:00:00+03:00,02:00,94.67,0.0,0,-94.67,-94.67
2026-04-08T03:00:00+03:00,03:00,262.0,0.0,0,-251.0,-251.0
2026-04-08T04:00:00+03:00,04:00,427.53,0.0,0,-414.64,-414.64
2026-04-08T05:00:00+03:00,05:00,453.0,0.0,0,-441.76,-441.76
2026-04-08T06:00:00+03:00,06:00,292.5,0.0,0,-269.06,-269.06
2026-04-08T07:00:00+03:00,07:00,769.83,0.0,0,-764.32,-398.82
2026-04-08T08:00:00+03:00,08:00,1145.0,0.0,0,-1143.51,665.36
2026-04-08T09:00:00+03:00,09:00,1731.73,0.0,0,-1729.32,1482.72
2026-04-08T10:00:00+03:00,10:00,2108.68,0.0,0,-2090.82,1490.89
2026-04-08T11:00:00+03:00,11:00,2092.0,0.0,0,-2088.63,902.53
2026-04-08T12:00:00+03:00,12:00,1867.0,0.0,0,-1861.84,176.16
2026-04-08T13:00:00+03:00,13:00,1900.0,0.0,0,-1895.89,144.11
2026-04-08T14:00:00+03:00,14:00,943.3,0.0,0,-929.1,1307.4
2026-04-08T15:00:00+03:00,15:00,1208.93,0.0,0,-1204.01,932.99
2026-04-08T16:00:00+03:00,16:00,1555.5,0.0,0,-1555.5,762.1
2026-04-08T17:00:00+03:00,17:00,2760.03,0.0,0,-2758.21,-39.74
2026-04-08T18:00:00+03:00,18:00,2675.12,0.0,0,-2583.87,-624.52
2026-04-08T19:00:00+03:00,19:00,2439.5,0.0,0,-2216.5,-912.25
2026-04-08T20:00:00+03:00,20:00,2269.0,0.0,0,-1907.73,-960.73
2026-04-08T21:00:00+03:00,21:00,2321.33,0.0,0,-2021.15,-1102.65
2026-04-08T22:00:00+03:00,22:00,2051.83,0.0,0,-1862.09,-812.8
2026-04-08T23:00:00+03:00,23:00,1171.58,0.0,0,-1129.67,-268.95
2026-04-09T00:00:00+03:00,00:00,1405.25,0.0,0,-1402.36,-917.26
2026-04-09T01:00:00+03:00,01:00,604.08,0.0,0,-601.08,-155.53
2026-04-09T02:00:00+03:00,02:00,587.0,0.0,0,-583.0,-430.32
2026-04-09T03:00:00+03:00,03:00,397.0,0.0,0,-397.0,-377.5
2026-04-09T04:00:00+03:00,04:00,215.55,0.0,0,-211.43,-137.64
2026-04-09T05:00:00+03:00,05:00,0.0,377.0,0,-376.94,268.0
2026-04-09T06:00:00+03:00,06:00,62.97,698.58,0,-760.5,348.54
2026-04-09T07:00:00+03:00,07:00,206.62,820.0,0,-1021.11,260.17
2026-04-09T08:00:00+03:00,08:00,1850.83,359.0,0,-2195.4,1712.2
2026-04-09T09:00:00+03:00,09:00,2826.08,0.0,0,-2815.34,1270.28
2026-04-09T10:00:00+03:00,10:00,3708.75,0.0,0,-3701.39,414.5
2026-04-09T11:00:00+03:00,11:00,4325.33,0.0,0,-4323.28,543.29
2026-04-09T12:00:00+03:00,12:00,4714.58,0.0,0,-4706.24,-554.36
2026-04-09T13:00:00+03:00,13:00,3622.92,0.0,0,-3618.33,528.7
2026-04-09T14:00:00+03:00,14:00,2954.75,0.0,0,-2950.56,1888.59
2026-04-09T15:00:00+03:00,15:00,3590.38,0.0,0,-3490.83,879.0
2026-04-09T16:00:00+03:00,16:00,3363.33,0.0,0,-3183.95,1320.39
2026-04-09T17:00:00+03:00,17:00,2590.0,0.0,0,-2269.7,860.09
2026-04-09T18:00:00+03:00,18:00,1104.1,162.63,0,-1130.89,1772.62
2026-04-09T19:00:00+03:00,19:00,116.0,342.5,0,-458.0,678.0
2026-04-09T20:00:00+03:00,20:00,46.5,384.67,0,-430.56,725.26
2026-04-09T21:00:00+03:00,21:00,548.5,574.5,0,-1098.45,558.54
2026-04-09T22:00:00+03:00,22:00,1474.87,507.75,0,-1939.83,1069.62
2026-04-09T23:00:00+03:00,23:00,2476.68,235.75,0,-2505.2,685.48
2026-04-10T00:00:00+03:00,00:00,2742.08,0.0,0,-2493.65,-256.4
2026-04-10T01:00:00+03:00,01:00,1724.25,0.0,0,-1636.38,-759.87
2026-04-10T02:00:00+03:00,02:00,344.57,0.0,0,-338.59,-143.59
2026-04-10T03:00:00+03:00,03:00,0.0,0.0,0,0.0,0.0
2026-04-10T04:00:00+03:00,04:00,0.0,0.0,0,0.0,43.07
2026-04-10T05:00:00+03:00,05:00,52.88,0.0,0,-48.08,301.92
2026-04-10T06:00:00+03:00,06:00,319.6,0.0,0,-180.48,211.02
2026-04-10T07:00:00+03:00,07:00,556.0,0.0,0,-556.0,633.0
2026-04-10T08:00:00+03:00,08:00,2244.43,0.0,0,-2108.55,918.85
2026-04-10T09:00:00+03:00,09:00,3218.25,0.0,0,-3121.25,743.22
2026-04-10T10:00:00+03:00,10:00,3022.0,0.0,0,-3009.28,474.38
2026-04-10T11:00:00+03:00,11:00,2854.17,0.0,0,-2849.45,659.2
2026-04-10T12:00:00+03:00,12:00,3509.42,0.0,0,-3425.33,-102.33
2026-04-10T13:00:00+03:00,13:00,3429.47,0.0,0,-3421.58,-327.58
2026-04-10T14:00:00+03:00,14:00,3856.53,0.0,0,-3838.49,435.52
2026-04-10T15:00:00+03:00,15:00,4382.0,0.0,0,-4336.19,206.36
2026-04-10T16:00:00+03:00,16:00,4849.0,0.0,0,-4683.39,104.79
2026-04-10T17:00:00+03:00,17:00,4212.67,0.0,0,-3938.93,380.28
2026-04-10T18:00:00+03:00,18:00,3332.17,0.0,0,-3025.95,150.45
2026-04-10T19:00:00+03:00,19:00,1099.0,0.0,0,-1093.1,833.59
2026-04-10T20:00:00+03:00,20:00,2158.42,0.0,0,-1871.55,-121.88
2026-04-10T21:00:00+03:00,21:00,2676.67,0.0,0,-2663.63,121.81
2026-04-10T22:00:00+03:00,22:00,2229.8,0.0,0,-2214.16,361.18
2026-04-10T23:00:00+03:00,23:00,2010.23,0.0,0,-1959.27,465.75
2026-04-11T00:00:00+03:00,00:00,2075.62,0.0,0,-1878.72,936.65
2026-04-11T01:00:00+03:00,01:00,1973.83,0.0,0,-1902.96,854.88
2026-04-11T02:00:00+03:00,02:00,1410.5,0.0,0,-1407.0,1158.73
2026-04-11T03:00:00+03:00,03:00,1420.0,0.0,0,-1378.82,553.18
2026-04-11T04:00:00+03:00,04:00,1407.0,0.0,0,-1401.3,919.66
2026-04-11T05:00:00+03:00,05:00,1608.8,0.0,0,-1597.39,553.94
2026-04-11T06:00:00+03:00,06:00,1715.17,0.0,0,-1710.03,247.34
2026-04-11T07:00:00+03:00,07:00,1995.47,0.0,0,-1988.32,75.68
2026-04-11T08:00:00+03:00,08:00,1274.5,0.0,0,-1259.86,1582.14
2026-04-11T09:00:00+03:00,09:00,2086.48,0.0,0,-2042.47,1274.2
2026-04-11T10:00:00+03:00,10:00,2772.62,0.0,0,-2756.1,235.27
2026-04-11T11:00:00+03:00,11:00,2756.05,0.0,0,-2752.26,77.64
2026-04-11T12:00:00+03:00,12:00,3677.42,0.0,0,-3624.07,-970.07
2026-04-11T13:00:00+03:00,13:00,3794.1,0.0,0,-3787.94,-1425.88
2026-04-11T14:00:00+03:00,14:00,2856.3,0.0,0,-2850.99,-800.99
2026-04-11T15:00:00+03:00,15:00,2684.98,0.0,0,-2645.33,-595.33
2026-04-11T16:00:00+03:00,16:00,3529.23,0.0,0,-3322.49,-1272.49
2026-04-11T17:00:00+03:00,17:00,2811.37,0.0,0,-2532.64,-199.94
2026-04-11T18:00:00+03:00,18:00,2159.73,0.0,0,-2039.78,484.35
2026-04-11T19:00:00+03:00,19:00,335.13,60.82,0,-395.67,944.67
2026-04-11T20:00:00+03:00,20:00,20.0,262.0,0,-280.22,1055.52
2026-04-11T21:00:00+03:00,21:00,41.25,262.0,0,-281.42,1676.63
2026-04-11T22:00:00+03:00,22:00,1244.78,262.0,0,-1173.8,1393.1
2026-04-11T23:00:00+03:00,23:00,1829.0,154.2,0,-1864.5,902.15
2026-04-12T00:00:00+03:00,00:00,2231.48,0.0,0,-2181.32,581.88
2026-04-12T01:00:00+03:00,01:00,2222.83,0.0,0,-2144.99,610.33
2026-04-12T02:00:00+03:00,02:00,2175.48,0.0,0,-2153.2,488.59
2026-04-12T03:00:00+03:00,03:00,2104.28,0.0,0,-2093.8,-143.28
2026-04-12T04:00:00+03:00,04:00,1736.75,0.0,0,-1721.34,-124.09
2026-04-12T05:00:00+03:00,05:00,1732.57,0.0,0,-1704.91,167.83
2026-04-12T06:00:00+03:00,06:00,1241.8,0.0,0,-1223.24,579.15
2026-04-12T07:00:00+03:00,07:00,780.67,0.0,0,-759.38,870.28
2026-04-12T08:00:00+03:00,08:00,1620.25,0.0,0,-1618.91,-484.41
2026-04-12T09:00:00+03:00,09:00,2247.75,0.0,0,-2247.68,-1505.68
2026-04-12T10:00:00+03:00,10:00,3682.73,0.0,0,-3611.81,-2990.81
2026-04-12T11:00:00+03:00,11:00,3174.0,0.0,0,-3127.86,-2507.86
2026-04-12T12:00:00+03:00,12:00,3109.08,0.0,0,-3108.82,-2812.52
2026-04-12T13:00:00+03:00,13:00,2473.08,0.0,0,-2472.76,-2472.76
2026-04-12T14:00:00+03:00,14:00,2217.15,0.0,0,-2216.41,-2216.41
2026-04-12T15:00:00+03:00,15:00,3158.0,0.0,0,-3157.2,-2557.2
2026-04-12T16:00:00+03:00,16:00,4091.9,0.0,0,-4089.63,-2539.63
2026-04-12T17:00:00+03:00,17:00,2920.38,0.0,0,-2916.58,-1287.33
2026-04-12T18:00:00+03:00,18:00,2632.32,0.0,0,-2469.44,-919.44
2026-04-12T19:00:00+03:00,19:00,1674.03,50.9,0,-1438.9,600.33
2026-04-12T20:00:00+03:00,20:00,730.0,262.0,0,-981.13,1368.89
2026-04-12T21:00:00+03:00,21:00,1597.0,262.0,0,-1690.81,763.57
2026-04-12T22:00:00+03:00,22:00,1614.6,166.45,0,-1715.32,849.73
2026-04-12T23:00:00+03:00,23:00,1516.13,0.0,0,-1292.61,935.94
2026-04-13T00:00:00+03:00,00:00,1221.15,0.0,0,-1122.15,486.68
2026-04-13T01:00:00+03:00,01:00,840.0,0.0,0,-817.85,492.15
2026-04-13T02:00:00+03:00,02:00,442.92,0.0,0,-435.92,247.62
2026-04-13T03:00:00+03:00,03:00,211.0,0.0,0,-211.0,34.15
2026-04-13T04:00:00+03:00,04:00,0.0,0.0,0,0.0,0.0
2026-04-13T05:00:00+03:00,05:00,0.0,0.0,0,0.0,0.0
2026-04-13T06:00:00+03:00,06:00,340.45,0.0,0,-327.18,200.23
2026-04-13T07:00:00+03:00,07:00,1845.55,0.0,0,-1795.81,-372.81
2026-04-13T08:00:00+03:00,08:00,4331.97,0.0,0,-4228.89,-953.48
2026-04-13T09:00:00+03:00,09:00,4760.9,0.0,0,-4630.2,-593.5
2026-04-13T10:00:00+03:00,10:00,4935.0,0.0,0,-4762.06,-1047.44
2026-04-13T11:00:00+03:00,11:00,4049.72,0.0,0,-3912.22,-582.8
2026-04-13T12:00:00+03:00,12:00,3844.95,0.0,0,-3763.44,-570.44
2026-04-13T13:00:00+03:00,13:00,4182.75,0.0,0,-4097.27,-905.27
2026-04-13T14:00:00+03:00,14:00,4052.0,0.0,0,-4045.29,-853.29
2026-04-13T15:00:00+03:00,15:00,5389.32,0.0,0,-5331.31,-2060.31
2026-04-13T16:00:00+03:00,16:00,4636.45,0.0,0,-4457.4,-1380.67
2026-04-13T17:00:00+03:00,17:00,4187.77,0.0,0,-3889.44,-310.23
2026-04-13T18:00:00+03:00,18:00,3581.37,0.0,0,-3291.99,-176.92
2026-04-13T19:00:00+03:00,19:00,1238.34,51.97,0,-1286.71,880.82
2026-04-13T20:00:00+03:00,20:00,464.0,262.0,0,-725.0,1335.9
2026-04-13T21:00:00+03:00,21:00,707.33,147.0,0,-850.88,1376.24
2026-04-13T22:00:00+03:00,22:00,1836.82,39.2,0,-1508.33,1189.82
2026-04-13T23:00:00+03:00,23:00,1470.07,0.0,0,-1443.18,980.07
2026-04-14T00:00:00+03:00,00:00,1828.52,0.0,0,-1809.89,272.63
2026-04-14T01:00:00+03:00,01:00,1469.93,0.0,0,-1448.83,256.57
2026-04-14T02:00:00+03:00,02:00,560.32,0.0,0,-555.17,558.51
2026-04-14T03:00:00+03:00,03:00,771.63,0.0,0,-574.25,103.62
2026-04-14T04:00:00+03:00,04:00,709.6,0.0,0,-515.44,390.56
2026-04-14T05:00:00+03:00,05:00,261.23,0.0,0,-257.84,279.52
2026-04-14T06:00:00+03:00,06:00,663.43,0.0,0,-529.63,391.27
2026-04-14T07:00:00+03:00,07:00,989.33,0.0,0,-987.11,-69.0
2026-04-14T08:00:00+03:00,08:00,3258.5,0.0,0,-3221.05,394.72
2026-04-14T09:00:00+03:00,09:00,4977.4,0.0,0,-4937.6,-13.98
2026-04-14T10:00:00+03:00,10:00,4380.0,0.0,0,-4375.57,-511.57
2026-04-14T11:00:00+03:00,11:00,4251.48,0.0,0,-4221.62,-156.62
2026-04-14T12:00:00+03:00,12:00,4591.48,0.0,0,-4553.59,-1105.92
2026-04-14T13:00:00+03:00,13:00,4444.58,0.0,0,-4410.4,-1456.54
2026-04-14T14:00:00+03:00,14:00,4386.33,0.0,0,-4344.46,-125.51
2026-04-14T15:00:00+03:00,15:00,5255.59,0.0,0,-5133.79,-796.83
2026-04-14T16:00:00+03:00,16:00,4383.28,0.0,0,-4148.03,260.45
2026-04-14T17:00:00+03:00,17:00,2913.63,23.1,0,-2586.03,1361.97
2026-04-14T18:00:00+03:00,18:00,0.0,1314.02,0,-1312.51,1314.71
2026-04-14T19:00:00+03:00,19:00,0.0,911.33,0,-911.33,425.31
2026-04-14T20:00:00+03:00,20:00,598.8,536.7,0,-1124.53,857.51
2026-04-14T21:00:00+03:00,21:00,1187.35,402.05,0,-1443.79,848.67
2026-04-14T22:00:00+03:00,22:00,2293.15,0.0,0,-2125.3,775.85
2026-04-14T23:00:00+03:00,23:00,1463.5,0.0,0,-1400.31,1251.71
2026-04-15T00:00:00+03:00,00:00,2109.75,0.0,0,-1559.18,1182.54
2026-04-15T01:00:00+03:00,01:00,1402.45,0.0,0,-1390.92,1060.07
2026-04-15T02:00:00+03:00,02:00,1353.0,0.0,0,-1346.87,744.72
2026-04-15T03:00:00+03:00,03:00,839.25,0.0,0,-838.98,404.02
2026-04-15T04:00:00+03:00,04:00,929.45,0.0,0,-823.8,-221.25
2026-04-15T05:00:00+03:00,05:00,514.32,0.0,0,-513.78,-13.78
2026-04-15T06:00:00+03:00,06:00,1001.22,0.0,0,-559.68,43.72
2026-04-15T07:00:00+03:00,07:00,2033.08,0.0,0,-1473.56,-468.74
2026-04-15T08:00:00+03:00,08:00,4019.13,0.0,0,-3708.58,-83.66
2026-04-15T09:00:00+03:00,09:00,4709.28,0.0,0,-4621.72,-69.87
2026-04-15T10:00:00+03:00,10:00,4452.3,0.0,0,-4137.27,309.55
2026-04-15T11:00:00+03:00,11:00,4723.17,0.0,0,-4286.34,401.3
2026-04-15T12:00:00+03:00,12:00,4687.35,0.0,0,-4614.51,-1078.51
2026-04-15T13:00:00+03:00,13:00,4052.6,0.0,0,-3879.92,-185.01
2026-04-15T14:00:00+03:00,14:00,3946.17,0.0,0,-3760.65,287.16
2026-04-15T15:00:00+03:00,15:00,4567.75,0.0,0,-4498.18,-210.6
2026-04-15T16:00:00+03:00,16:00,4653.67,0.0,0,-4406.44,411.1
2026-04-15T17:00:00+03:00,17:00,4797.0,0.0,0,-4205.91,350.13
2026-04-15T18:00:00+03:00,18:00,3782.67,0.0,0,-3039.19,-190.03
2026-04-15T19:00:00+03:00,19:00,2184.23,0.0,0,-2149.18,-485.53
2026-04-15T20:00:00+03:00,20:00,1500.5,0.0,0,-1485.5,14.5
2026-04-15T21:00:00+03:00,21:00,1817.42,0.0,0,-1604.86,308.42
2026-04-15T22:00:00+03:00,22:00,2838.67,0.0,0,-2251.61,-202.39
2026-04-15T23:00:00+03:00,23:00,2803.92,0.0,0,-2395.32,-585.56
2026-04-16T00:00:00+03:00,00:00,2503.0,0.0,0,-2239.55,-1431.55
2026-04-16T01:00:00+03:00,01:00,1089.0,0.0,0,-1029.56,-813.56
2026-04-16T02:00:00+03:00,02:00,561.8,0.0,0,-549.1,-481.6
2026-04-16T03:00:00+03:00,03:00,22.75,0.0,0,-22.75,-22.75
2026-04-16T04:00:00+03:00,04:00,448.88,0.0,0,-445.32,-445.32
2026-04-16T05:00:00+03:00,05:00,515.5,0.0,0,-515.5,-515.5
2026-04-16T06:00:00+03:00,06:00,883.83,0.0,0,-883.04,-883.04
2026-04-16T07:00:00+03:00,07:00,2557.7,0.0,0,-2555.25,-1682.25
2026-04-16T08:00:00+03:00,08:00,3112.33,0.0,0,-3111.45,-577.28
2026-04-16T09:00:00+03:00,09:00,3082.82,0.0,0,-3080.28,-540.1
2026-04-16T10:00:00+03:00,10:00,3060.15,0.0,0,-3055.65,-661.65
2026-04-16T11:00:00+03:00,11:00,2486.23,0.0,0,-2481.73,-171.73
2026-04-16T12:00:00+03:00,12:00,2311.68,0.0,0,-2306.56,3.44
2026-04-16T13:00:00+03:00,13:00,2079.97,0.0,0,-2076.64,233.36
2026-04-16T14:00:00+03:00,14:00,1683.38,0.0,0,-1679.96,783.04
2026-04-16T15:00:00+03:00,15:00,2883.43,0.0,0,-2879.43,-182.1
2026-04-16T16:00:00+03:00,16:00,2664.78,0.0,0,-2662.16,-393.33
2026-04-16T17:00:00+03:00,17:00,2131.42,0.0,0,-2115.47,172.35
2026-04-16T18:00:00+03:00,18:00,2711.73,0.0,0,-2637.35,-454.03
2026-04-16T19:00:00+03:00,19:00,2177.27,0.0,0,-2012.62,-136.22
2026-04-16T20:00:00+03:00,20:00,1478.93,0.0,0,-1405.46,324.54
2026-04-16T21:00:00+03:00,21:00,1729.0,0.0,0,-1426.18,-8.18
2026-04-16T22:00:00+03:00,22:00,936.0,0.0,0,-832.0,-174.5
2026-04-16T23:00:00+03:00,23:00,861.85,0.0,0,-755.85,-233.55
2026-04-17T00:00:00+03:00,00:00,1249.77,0.0,0,-1044.56,-1044.56
2026-04-17T01:00:00+03:00,01:00,864.92,0.0,0,-797.15,-725.15
2026-04-17T02:00:00+03:00,02:00,565.0,0.0,0,-532.0,-532.0
2026-04-17T03:00:00+03:00,03:00,439.0,0.0,0,-412.8,-412.8
2026-04-17T04:00:00+03:00,04:00,439.0,0.0,0,-419.9,-419.9
2026-04-17T05:00:00+03:00,05:00,444.0,0.0,0,-433.5,-433.5
2026-04-17T06:00:00+03:00,06:00,0.0,0.0,0,0.0,0.0
2026-04-17T07:00:00+03:00,07:00,0.0,0.0,0,0.0,0.0
2026-04-17T08:00:00+03:00,08:00,0.0,0.0,0,0.0,0.0
2026-04-17T09:00:00+03:00,09:00,0.0,0.0,0,0.0,0.0
2026-04-17T10:00:00+03:00,10:00,0.0,0.0,0,0.0,0.0
2026-04-17T11:00:00+03:00,11:00,0.0,0.0,0,0.0,0.0
2026-04-17T12:00:00+03:00,12:00,0.0,0.0,0,0.0,0.0
2026-04-17T13:00:00+03:00,13:00,0.0,0.0,0,0.0,0.0
2026-04-17T14:00:00+03:00,14:00,0.0,0.0,0,0.0,0.0
2026-04-17T15:00:00+03:00,15:00,0.0,0.0,0,0.0,0.0
2026-04-17T16:00:00+03:00,16:00,0.0,0.0,0,0.0,0.0
2026-04-17T17:00:00+03:00,17:00,0.0,0.0,0,0.0,0.0
2026-04-17T18:00:00+03:00,18:00,0.0,0.0,0,0.0,0.0
2026-04-17T19:00:00+03:00,19:00,0.0,0.0,0,0.0,0.0
2026-04-17T20:00:00+03:00,20:00,0.0,0.0,0,0.0,0.0
2026-04-17T21:00:00+03:00,21:00,0.0,0.0,0,0.0,0.0
2026-04-17T22:00:00+03:00,22:00,0.0,0.0,0,0.0,0.0
2026-04-17T23:00:00+03:00,23:00,0.0,0.0,0,0.0,0.0
