date,hour,systemMarginalPrice
2026-03-14T00:00:00+03:00,2026-03-14T00:00:00+03:00,3399.6
2026-03-14T01:00:00+03:00,2026-03-14T01:00:00+03:00,3399.22
2026-03-14T02:00:00+03:00,2026-03-14T02:00:00+03:00,3399.21
2026-03-14T03:00:00+03:00,2026-03-14T03:00:00+03:00,3000.0
2026-03-14T04:00:00+03:00,2026-03-14T04:00:00+03:00,3300.0
2026-03-14T05:00:00+03:00,2026-03-14T05:00:00+03:00,3300.0
2026-03-14T06:00:00+03:00,2026-03-14T06:00:00+03:00,1490.0
2026-03-14T07:00:00+03:00,2026-03-14T07:00:00+03:00,699.99
2026-03-14T08:00:00+03:00,2026-03-14T08:00:00+03:00,3399.21
2026-03-14T09:00:00+03:00,2026-03-14T09:00:00+03:00,3399.23
2026-03-14T10:00:00+03:00,2026-03-14T10:00:00+03:00,3399.23
2026-03-14T11:00:00+03:00,2026-03-14T11:00:00+03:00,3399.23
2026-03-14T12:00:00+03:00,2026-03-14T12:00:00+03:00,3399.22
2026-03-14T13:00:00+03:00,2026-03-14T13:00:00+03:00,3399.24
2026-03-14T14:00:00+03:00,2026-03-14T14:00:00+03:00,3399.28
2026-03-14T15:00:00+03:00,2026-03-14T15:00:00+03:00,3399.27
2026-03-14T16:00:00+03:00,2026-03-14T16:00:00+03:00,3399.32
2026-03-14T17:00:00+03:00,2026-03-14T17:00:00+03:00,3399.4
2026-03-14T18:00:00+03:00,2026-03-14T18:00:00+03:00,3399.92
2026-03-14T19:00:00+03:00,2026-03-14T19:00:00+03:00,2257.0
2026-03-14T20:00:00+03:00,2026-03-14T20:00:00+03:00,3399.41
2026-03-14T21:00:00+03:00,2026-03-14T21:00:00+03:00,2257.0
2026-03-14T22:00:00+03:00,2026-03-14T22:00:00+03:00,2257.0
2026-03-14T23:00:00+03:00,2026-03-14T23:00:00+03:00,1001.0
2026-03-15T00:00:00+03:00,2026-03-15T00:00:00+03:00,3089.0
2026-03-15T01:00:00+03:00,2026-03-15T01:00:00+03:00,3388.0
2026-03-15T02:00:00+03:00,2026-03-15T02:00:00+03:00,1500.0
2026-03-15T03:00:00+03:00,2026-03-15T03:00:00+03:00,2271.0
2026-03-15T04:00:00+03:00,2026-03-15T04:00:00+03:00,2271.0
2026-03-15T05:00:00+03:00,2026-03-15T05:00:00+03:00,1743.99
2026-03-15T06:00:00+03:00,2026-03-15T06:00:00+03:00,799.99
2026-03-15T07:00:00+03:00,2026-03-15T07:00:00+03:00,500.0
2026-03-15T08:00:00+03:00,2026-03-15T08:00:00+03:00,5.0
2026-03-15T09:00:00+03:00,2026-03-15T09:00:00+03:00,500.0
2026-03-15T10:00:00+03:00,2026-03-15T10:00:00+03:00,650.0
2026-03-15T11:00:00+03:00,2026-03-15T11:00:00+03:00,650.0
2026-03-15T12:00:00+03:00,2026-03-15T12:00:00+03:00,650.0
2026-03-15T13:00:00+03:00,2026-03-15T13:00:00+03:00,2082.0
2026-03-15T14:00:00+03:00,2026-03-15T14:00:00+03:00,3100.0
2026-03-15T15:00:00+03:00,2026-03-15T15:00:00+03:00,2500.0
2026-03-15T16:00:00+03:00,2026-03-15T16:00:00+03:00,2500.0
2026-03-15T17:00:00+03:00,2026-03-15T17:00:00+03:00,1744.01
2026-03-15T18:00:00+03:00,2026-03-15T18:00:00+03:00,1001.0
2026-03-15T19:00:00+03:00,2026-03-15T19:00:00+03:00,800.0
2026-03-15T20:00:00+03:00,2026-03-15T20:00:00+03:00,799.99
2026-03-15T21:00:00+03:00,2026-03-15T21:00:00+03:00,400.0
2026-03-15T22:00:00+03:00,2026-03-15T22:00:00+03:00,400.0
2026-03-15T23:00:00+03:00,2026-03-15T23:00:00+03:00,800.0
2026-03-16T00:00:00+03:00,2026-03-16T00:00:00+03:00,3000.0
2026-03-16T01:00:00+03:00,2026-03-16T01:00:00+03:00,1719.09
2026-03-16T02:00:00+03:00,2026-03-16T02:00:00+03:00,1715.0
2026-03-16T03:00:00+03:00,2026-03-16T03:00:00+03:00,1418.0
2026-03-16T04:00:00+03:00,2026-03-16T04:00:00+03:00,1744.0
2026-03-16T05:00:00+03:00,2026-03-16T05:00:00+03:00,1744.0
2026-03-16T06:00:00+03:00,2026-03-16T06:00:00+03:00,1744.0
2026-03-16T07:00:00+03:00,2026-03-16T07:00:00+03:00,750.0
2026-03-16T08:00:00+03:00,2026-03-16T08:00:00+03:00,3400.0
2026-03-16T09:00:00+03:00,2026-03-16T09:00:00+03:00,3400.0
2026-03-16T10:00:00+03:00,2026-03-16T10:00:00+03:00,3400.0
2026-03-16T11:00:00+03:00,2026-03-16T11:00:00+03:00,3400.0
2026-03-16T12:00:00+03:00,2026-03-16T12:00:00+03:00,1800.0
2026-03-16T13:00:00+03:00,2026-03-16T13:00:00+03:00,800.0
2026-03-16T14:00:00+03:00,2026-03-16T14:00:00+03:00,700.0
2026-03-16T15:00:00+03:00,2026-03-16T15:00:00+03:00,700.0
2026-03-16T16:00:00+03:00,2026-03-16T16:00:00+03:00,400.0
2026-03-16T17:00:00+03:00,2026-03-16T17:00:00+03:00,800.0
2026-03-16T18:00:00+03:00,2026-03-16T18:00:00+03:00,2400.0
2026-03-16T19:00:00+03:00,2026-03-16T19:00:00+03:00,2500.0
2026-03-16T20:00:00+03:00,2026-03-16T20:00:00+03:00,2500.0
2026-03-16T21:00:00+03:00,2026-03-16T21:00:00+03:00,2099.99
2026-03-16T22:00:00+03:00,2026-03-16T22:00:00+03:00,2874.95
2026-03-16T23:00:00+03:00,2026-03-16T23:00:00+03:00,2200.0
2026-03-17T00:00:00+03:00,2026-03-17T00:00:00+03:00,2999.0
2026-03-17T01:00:00+03:00,2026-03-17T01:00:00+03:00,2900.01
2026-03-17T02:00:00+03:00,2026-03-17T02:00:00+03:00,993.99
2026-03-17T03:00:00+03:00,2026-03-17T03:00:00+03:00,1791.99
2026-03-17T04:00:00+03:00,2026-03-17T04:00:00+03:00,2199.99
2026-03-17T05:00:00+03:00,2026-03-17T05:00:00+03:00,800.0
2026-03-17T06:00:00+03:00,2026-03-17T06:00:00+03:00,800.0
2026-03-17T07:00:00+03:00,2026-03-17T07:00:00+03:00,5.0
2026-03-17T08:00:00+03:00,2026-03-17T08:00:00+03:00,100.0
2026-03-17T09:00:00+03:00,2026-03-17T09:00:00+03:00,100.0
2026-03-17T10:00:00+03:00,2026-03-17T10:00:00+03:00,5.0
2026-03-17T11:00:00+03:00,2026-03-17T11:00:00+03:00,0.0
2026-03-17T12:00:00+03:00,2026-03-17T12:00:00+03:00,0.0
2026-03-17T13:00:00+03:00,2026-03-17T13:00:00+03:00,0.0
2026-03-17T14:00:00+03:00,2026-03-17T14:00:00+03:00,0.0
2026-03-17T15:00:00+03:00,2026-03-17T15:00:00+03:00,800.0
2026-03-17T16:00:00+03:00,2026-03-17T16:00:00+03:00,744.0
2026-03-17T17:00:00+03:00,2026-03-17T17:00:00+03:00,800.0
2026-03-17T18:00:00+03:00,2026-03-17T18:00:00+03:00,3399.5
2026-03-17T19:00:00+03:00,2026-03-17T19:00:00+03:00,3399.9
2026-03-17T20:00:00+03:00,2026-03-17T20:00:00+03:00,3399.31
2026-03-17T21:00:00+03:00,2026-03-17T21:00:00+03:00,3399.5
2026-03-17T22:00:00+03:00,2026-03-17T22:00:00+03:00,2784.0
2026-03-17T23:00:00+03:00,2026-03-17T23:00:00+03:00,833.71
2026-03-18T00:00:00+03:00,2026-03-18T00:00:00+03:00,2050.0
2026-03-18T01:00:00+03:00,2026-03-18T01:00:00+03:00,799.99
2026-03-18T02:00:00+03:00,2026-03-18T02:00:00+03:00,715.0
2026-03-18T03:00:00+03:00,2026-03-18T03:00:00+03:00,1110.12
2026-03-18T04:00:00+03:00,2026-03-18T04:00:00+03:00,1805.01
2026-03-18T05:00:00+03:00,2026-03-18T05:00:00+03:00,2199.99
2026-03-18T06:00:00+03:00,2026-03-18T06:00:00+03:00,754.1
2026-03-18T07:00:00+03:00,2026-03-18T07:00:00+03:00,80.0
2026-03-18T08:00:00+03:00,2026-03-18T08:00:00+03:00,0.0
2026-03-18T09:00:00+03:00,2026-03-18T09:00:00+03:00,80.0
2026-03-18T10:00:00+03:00,2026-03-18T10:00:00+03:00,100.0
2026-03-18T11:00:00+03:00,2026-03-18T11:00:00+03:00,0.0
2026-03-18T12:00:00+03:00,2026-03-18T12:00:00+03:00,0.0
2026-03-18T13:00:00+03:00,2026-03-18T13:00:00+03:00,1430.0
2026-03-18T14:00:00+03:00,2026-03-18T14:00:00+03:00,2800.0
2026-03-18T15:00:00+03:00,2026-03-18T15:00:00+03:00,1730.0
2026-03-18T16:00:00+03:00,2026-03-18T16:00:00+03:00,500.0
2026-03-18T17:00:00+03:00,2026-03-18T17:00:00+03:00,3200.01
2026-03-18T18:00:00+03:00,2026-03-18T18:00:00+03:00,3288.0
2026-03-18T19:00:00+03:00,2026-03-18T19:00:00+03:00,3200.0
2026-03-18T20:00:00+03:00,2026-03-18T20:00:00+03:00,1716.01
2026-03-18T21:00:00+03:00,2026-03-18T21:00:00+03:00,890.0
2026-03-18T22:00:00+03:00,2026-03-18T22:00:00+03:00,100.0
2026-03-18T23:00:00+03:00,2026-03-18T23:00:00+03:00,80.0
2026-03-19T00:00:00+03:00,2026-03-19T00:00:00+03:00,2500.0
2026-03-19T01:00:00+03:00,2026-03-19T01:00:00+03:00,2500.0
2026-03-19T02:00:00+03:00,2026-03-19T02:00:00+03:00,2500.0
2026-03-19T03:00:00+03:00,2026-03-19T03:00:00+03:00,2450.0
2026-03-19T04:00:00+03:00,2026-03-19T04:00:00+03:00,2450.0
2026-03-19T05:00:00+03:00,2026-03-19T05:00:00+03:00,235.01
2026-03-19T06:00:00+03:00,2026-03-19T06:00:00+03:00,0.0
2026-03-19T07:00:00+03:00,2026-03-19T07:00:00+03:00,0.0
2026-03-19T08:00:00+03:00,2026-03-19T08:00:00+03:00,0.0
2026-03-19T09:00:00+03:00,2026-03-19T09:00:00+03:00,0.0
2026-03-19T10:00:00+03:00,2026-03-19T10:00:00+03:00,0.0
2026-03-19T11:00:00+03:00,2026-03-19T11:00:00+03:00,0.0
2026-03-19T12:00:00+03:00,2026-03-19T12:00:00+03:00,0.0
2026-03-19T13:00:00+03:00,2026-03-19T13:00:00+03:00,0.0
2026-03-19T14:00:00+03:00,2026-03-19T14:00:00+03:00,0.0
2026-03-19T15:00:00+03:00,2026-03-19T15:00:00+03:00,984.38
2026-03-19T16:00:00+03:00,2026-03-19T16:00:00+03:00,2450.0
2026-03-19T17:00:00+03:00,2026-03-19T17:00:00+03:00,2500.0
2026-03-19T18:00:00+03:00,2026-03-19T18:00:00+03:00,2500.0
2026-03-19T19:00:00+03:00,2026-03-19T19:00:00+03:00,1600.0
2026-03-19T20:00:00+03:00,2026-03-19T20:00:00+03:00,1743.99
2026-03-19T21:00:00+03:00,2026-03-19T21:00:00+03:00,2500.0
2026-03-19T22:00:00+03:00,2026-03-19T22:00:00+03:00,2500.0
2026-03-19T23:00:00+03:00,2026-03-19T23:00:00+03:00,2500.0
2026-03-20T00:00:00+03:00,2026-03-20T00:00:00+03:00,2880.0
2026-03-20T01:00:00+03:00,2026-03-20T01:00:00+03:00,3100.0
2026-03-20T02:00:00+03:00,2026-03-20T02:00:00+03:00,2249.0
2026-03-20T03:00:00+03:00,2026-03-20T03:00:00+03:00,2249.0
2026-03-20T04:00:00+03:00,2026-03-20T04:00:00+03:00,1855.85
2026-03-20T05:00:00+03:00,2026-03-20T05:00:00+03:00,1000.0
2026-03-20T06:00:00+03:00,2026-03-20T06:00:00+03:00,2400.0
2026-03-20T07:00:00+03:00,2026-03-20T07:00:00+03:00,2900.0
2026-03-20T08:00:00+03:00,2026-03-20T08:00:00+03:00,2249.0
2026-03-20T09:00:00+03:00,2026-03-20T09:00:00+03:00,1700.0
2026-03-20T10:00:00+03:00,2026-03-20T10:00:00+03:00,100.01
2026-03-20T11:00:00+03:00,2026-03-20T11:00:00+03:00,0.0
2026-03-20T12:00:00+03:00,2026-03-20T12:00:00+03:00,0.0
2026-03-20T13:00:00+03:00,2026-03-20T13:00:00+03:00,0.0
2026-03-20T14:00:00+03:00,2026-03-20T14:00:00+03:00,0.0
2026-03-20T15:00:00+03:00,2026-03-20T15:00:00+03:00,0.0
2026-03-20T16:00:00+03:00,2026-03-20T16:00:00+03:00,0.0
2026-03-20T17:00:00+03:00,2026-03-20T17:00:00+03:00,0.0
2026-03-20T18:00:00+03:00,2026-03-20T18:00:00+03:00,1000.0
2026-03-20T19:00:00+03:00,2026-03-20T19:00:00+03:00,2249.0
2026-03-20T20:00:00+03:00,2026-03-20T20:00:00+03:00,2249.0
2026-03-20T21:00:00+03:00,2026-03-20T21:00:00+03:00,2249.0
2026-03-20T22:00:00+03:00,2026-03-20T22:00:00+03:00,1855.85
2026-03-20T23:00:00+03:00,2026-03-20T23:00:00+03:00,1429.0
2026-03-21T00:00:00+03:00,2026-03-21T00:00:00+03:00,239.0
2026-03-21T01:00:00+03:00,2026-03-21T01:00:00+03:00,0.0
2026-03-21T02:00:00+03:00,2026-03-21T02:00:00+03:00,1000.0
2026-03-21T03:00:00+03:00,2026-03-21T03:00:00+03:00,1690.0
2026-03-21T04:00:00+03:00,2026-03-21T04:00:00+03:00,1400.0
2026-03-21T05:00:00+03:00,2026-03-21T05:00:00+03:00,1684.0
2026-03-21T06:00:00+03:00,2026-03-21T06:00:00+03:00,2900.0
2026-03-21T07:00:00+03:00,2026-03-21T07:00:00+03:00,71.0
2026-03-21T08:00:00+03:00,2026-03-21T08:00:00+03:00,0.0
2026-03-21T09:00:00+03:00,2026-03-21T09:00:00+03:00,0.0
2026-03-21T10:00:00+03:00,2026-03-21T10:00:00+03:00,0.0
2026-03-21T11:00:00+03:00,2026-03-21T11:00:00+03:00,0.0
2026-03-21T12:00:00+03:00,2026-03-21T12:00:00+03:00,0.0
2026-03-21T13:00:00+03:00,2026-03-21T13:00:00+03:00,0.0
2026-03-21T14:00:00+03:00,2026-03-21T14:00:00+03:00,0.0
2026-03-21T15:00:00+03:00,2026-03-21T15:00:00+03:00,0.0
2026-03-21T16:00:00+03:00,2026-03-21T16:00:00+03:00,0.0
2026-03-21T17:00:00+03:00,2026-03-21T17:00:00+03:00,0.0
2026-03-21T18:00:00+03:00,2026-03-21T18:00:00+03:00,0.0
2026-03-21T19:00:00+03:00,2026-03-21T19:00:00+03:00,1.0
2026-03-21T20:00:00+03:00,2026-03-21T20:00:00+03:00,1666.99
2026-03-21T21:00:00+03:00,2026-03-21T21:00:00+03:00,1499.99
2026-03-21T22:00:00+03:00,2026-03-21T22:00:00+03:00,271.0
2026-03-21T23:00:00+03:00,2026-03-21T23:00:00+03:00,250.0
2026-03-22T00:00:00+03:00,2026-03-22T00:00:00+03:00,1062.0
2026-03-22T01:00:00+03:00,2026-03-22T01:00:00+03:00,0.0
2026-03-22T02:00:00+03:00,2026-03-22T02:00:00+03:00,0.0
2026-03-22T03:00:00+03:00,2026-03-22T03:00:00+03:00,0.0
2026-03-22T04:00:00+03:00,2026-03-22T04:00:00+03:00,0.0
2026-03-22T05:00:00+03:00,2026-03-22T05:00:00+03:00,0.0
2026-03-22T06:00:00+03:00,2026-03-22T06:00:00+03:00,0.0
2026-03-22T07:00:00+03:00,2026-03-22T07:00:00+03:00,0.0
2026-03-22T08:00:00+03:00,2026-03-22T08:00:00+03:00,0.0
2026-03-22T09:00:00+03:00,2026-03-22T09:00:00+03:00,0.0
2026-03-22T10:00:00+03:00,2026-03-22T10:00:00+03:00,0.0
2026-03-22T11:00:00+03:00,2026-03-22T11:00:00+03:00,1429.0
2026-03-22T12:00:00+03:00,2026-03-22T12:00:00+03:00,3250.0
2026-03-22T13:00:00+03:00,2026-03-22T13:00:00+03:00,3200.02
2026-03-22T14:00:00+03:00,2026-03-22T14:00:00+03:00,1855.85
2026-03-22T15:00:00+03:00,2026-03-22T15:00:00+03:00,0.0
2026-03-22T16:00:00+03:00,2026-03-22T16:00:00+03:00,0.0
2026-03-22T17:00:00+03:00,2026-03-22T17:00:00+03:00,0.0
2026-03-22T18:00:00+03:00,2026-03-22T18:00:00+03:00,900.0
2026-03-22T19:00:00+03:00,2026-03-22T19:00:00+03:00,3250.0
2026-03-22T20:00:00+03:00,2026-03-22T20:00:00+03:00,3000.0
2026-03-22T21:00:00+03:00,2026-03-22T21:00:00+03:00,2800.0
2026-03-22T22:00:00+03:00,2026-03-22T22:00:00+03:00,2041.43
2026-03-22T23:00:00+03:00,2026-03-22T23:00:00+03:00,1855.85
2026-03-23T00:00:00+03:00,2026-03-23T00:00:00+03:00,0.0
2026-03-23T01:00:00+03:00,2026-03-23T01:00:00+03:00,0.0
2026-03-23T02:00:00+03:00,2026-03-23T02:00:00+03:00,1.0
2026-03-23T03:00:00+03:00,2026-03-23T03:00:00+03:00,0.0
2026-03-23T04:00:00+03:00,2026-03-23T04:00:00+03:00,0.0
2026-03-23T05:00:00+03:00,2026-03-23T05:00:00+03:00,9.0
2026-03-23T06:00:00+03:00,2026-03-23T06:00:00+03:00,1200.0
2026-03-23T07:00:00+03:00,2026-03-23T07:00:00+03:00,1855.85
2026-03-23T08:00:00+03:00,2026-03-23T08:00:00+03:00,3399.24
2026-03-23T09:00:00+03:00,2026-03-23T09:00:00+03:00,3399.42
2026-03-23T10:00:00+03:00,2026-03-23T10:00:00+03:00,3399.27
2026-03-23T11:00:00+03:00,2026-03-23T11:00:00+03:00,3399.25
2026-03-23T12:00:00+03:00,2026-03-23T12:00:00+03:00,3399.21
2026-03-23T13:00:00+03:00,2026-03-23T13:00:00+03:00,3399.2
2026-03-23T14:00:00+03:00,2026-03-23T14:00:00+03:00,3399.23
2026-03-23T15:00:00+03:00,2026-03-23T15:00:00+03:00,2199.99
2026-03-23T16:00:00+03:00,2026-03-23T16:00:00+03:00,3399.22
2026-03-23T17:00:00+03:00,2026-03-23T17:00:00+03:00,3399.6
2026-03-23T18:00:00+03:00,2026-03-23T18:00:00+03:00,3399.5
2026-03-23T19:00:00+03:00,2026-03-23T19:00:00+03:00,3400.0
2026-03-23T20:00:00+03:00,2026-03-23T20:00:00+03:00,3400.0
2026-03-23T21:00:00+03:00,2026-03-23T21:00:00+03:00,3399.93
2026-03-23T22:00:00+03:00,2026-03-23T22:00:00+03:00,3399.91
2026-03-23T23:00:00+03:00,2026-03-23T23:00:00+03:00,3399.21
2026-03-24T00:00:00+03:00,2026-03-24T00:00:00+03:00,3388.0
2026-03-24T01:00:00+03:00,2026-03-24T01:00:00+03:00,3200.03
2026-03-24T02:00:00+03:00,2026-03-24T02:00:00+03:00,3200.01
2026-03-24T03:00:00+03:00,2026-03-24T03:00:00+03:00,800.0
2026-03-24T04:00:00+03:00,2026-03-24T04:00:00+03:00,2899.0
2026-03-24T05:00:00+03:00,2026-03-24T05:00:00+03:00,1705.0
2026-03-24T06:00:00+03:00,2026-03-24T06:00:00+03:00,1705.0
2026-03-24T07:00:00+03:00,2026-03-24T07:00:00+03:00,700.0
2026-03-24T08:00:00+03:00,2026-03-24T08:00:00+03:00,3399.22
2026-03-24T09:00:00+03:00,2026-03-24T09:00:00+03:00,3399.24
2026-03-24T10:00:00+03:00,2026-03-24T10:00:00+03:00,3390.0
2026-03-24T11:00:00+03:00,2026-03-24T11:00:00+03:00,3390.0
2026-03-24T12:00:00+03:00,2026-03-24T12:00:00+03:00,2500.0
2026-03-24T13:00:00+03:00,2026-03-24T13:00:00+03:00,1705.0
2026-03-24T14:00:00+03:00,2026-03-24T14:00:00+03:00,500.0
2026-03-24T15:00:00+03:00,2026-03-24T15:00:00+03:00,1200.0
2026-03-24T16:00:00+03:00,2026-03-24T16:00:00+03:00,1719.09
2026-03-24T17:00:00+03:00,2026-03-24T17:00:00+03:00,3200.0
2026-03-24T18:00:00+03:00,2026-03-24T18:00:00+03:00,1001.0
2026-03-24T19:00:00+03:00,2026-03-24T19:00:00+03:00,3399.5
2026-03-24T20:00:00+03:00,2026-03-24T20:00:00+03:00,3390.0
2026-03-24T21:00:00+03:00,2026-03-24T21:00:00+03:00,2124.99
2026-03-24T22:00:00+03:00,2026-03-24T22:00:00+03:00,1705.0
2026-03-24T23:00:00+03:00,2026-03-24T23:00:00+03:00,439.47
2026-03-25T00:00:00+03:00,2026-03-25T00:00:00+03:00,1.0
2026-03-25T01:00:00+03:00,2026-03-25T01:00:00+03:00,0.0
2026-03-25T02:00:00+03:00,2026-03-25T02:00:00+03:00,0.0
2026-03-25T03:00:00+03:00,2026-03-25T03:00:00+03:00,0.0
2026-03-25T04:00:00+03:00,2026-03-25T04:00:00+03:00,0.0
2026-03-25T05:00:00+03:00,2026-03-25T05:00:00+03:00,0.0
2026-03-25T06:00:00+03:00,2026-03-25T06:00:00+03:00,0.0
2026-03-25T07:00:00+03:00,2026-03-25T07:00:00+03:00,1.0
2026-03-25T08:00:00+03:00,2026-03-25T08:00:00+03:00,90.0
2026-03-25T09:00:00+03:00,2026-03-25T09:00:00+03:00,80.0
2026-03-25T10:00:00+03:00,2026-03-25T10:00:00+03:00,0.0
2026-03-25T11:00:00+03:00,2026-03-25T11:00:00+03:00,0.0
2026-03-25T12:00:00+03:00,2026-03-25T12:00:00+03:00,0.0
2026-03-25T13:00:00+03:00,2026-03-25T13:00:00+03:00,0.0
2026-03-25T14:00:00+03:00,2026-03-25T14:00:00+03:00,0.0
2026-03-25T15:00:00+03:00,2026-03-25T15:00:00+03:00,0.0
2026-03-25T16:00:00+03:00,2026-03-25T16:00:00+03:00,0.0
2026-03-25T17:00:00+03:00,2026-03-25T17:00:00+03:00,1.0
2026-03-25T18:00:00+03:00,2026-03-25T18:00:00+03:00,1102.0
2026-03-25T19:00:00+03:00,2026-03-25T19:00:00+03:00,3399.92
2026-03-25T20:00:00+03:00,2026-03-25T20:00:00+03:00,3399.0
2026-03-25T21:00:00+03:00,2026-03-25T21:00:00+03:00,3210.0
2026-03-25T22:00:00+03:00,2026-03-25T22:00:00+03:00,1705.0
2026-03-25T23:00:00+03:00,2026-03-25T23:00:00+03:00,500.0
2026-03-26T00:00:00+03:00,2026-03-26T00:00:00+03:00,200.01
2026-03-26T01:00:00+03:00,2026-03-26T01:00:00+03:00,500.0
2026-03-26T02:00:00+03:00,2026-03-26T02:00:00+03:00,950.0
2026-03-26T03:00:00+03:00,2026-03-26T03:00:00+03:00,1200.0
2026-03-26T04:00:00+03:00,2026-03-26T04:00:00+03:00,1200.01
2026-03-26T05:00:00+03:00,2026-03-26T05:00:00+03:00,1349.99
2026-03-26T06:00:00+03:00,2026-03-26T06:00:00+03:00,1500.0
2026-03-26T07:00:00+03:00,2026-03-26T07:00:00+03:00,800.0
2026-03-26T08:00:00+03:00,2026-03-26T08:00:00+03:00,3399.52
2026-03-26T09:00:00+03:00,2026-03-26T09:00:00+03:00,3399.93
2026-03-26T10:00:00+03:00,2026-03-26T10:00:00+03:00,3199.0
2026-03-26T11:00:00+03:00,2026-03-26T11:00:00+03:00,2034.0
2026-03-26T12:00:00+03:00,2026-03-26T12:00:00+03:00,1300.0
2026-03-26T13:00:00+03:00,2026-03-26T13:00:00+03:00,798.0
2026-03-26T14:00:00+03:00,2026-03-26T14:00:00+03:00,200.01
2026-03-26T15:00:00+03:00,2026-03-26T15:00:00+03:00,0.0
2026-03-26T16:00:00+03:00,2026-03-26T16:00:00+03:00,1.0
2026-03-26T17:00:00+03:00,2026-03-26T17:00:00+03:00,800.0
2026-03-26T18:00:00+03:00,2026-03-26T18:00:00+03:00,3400.0
2026-03-26T19:00:00+03:00,2026-03-26T19:00:00+03:00,3400.0
2026-03-26T20:00:00+03:00,2026-03-26T20:00:00+03:00,3400.0
2026-03-26T21:00:00+03:00,2026-03-26T21:00:00+03:00,3400.0
2026-03-26T22:00:00+03:00,2026-03-26T22:00:00+03:00,3390.0
2026-03-26T23:00:00+03:00,2026-03-26T23:00:00+03:00,3236.0
2026-03-27T00:00:00+03:00,2026-03-27T00:00:00+03:00,2199.99
2026-03-27T01:00:00+03:00,2026-03-27T01:00:00+03:00,2475.0
2026-03-27T02:00:00+03:00,2026-03-27T02:00:00+03:00,2047.35
2026-03-27T03:00:00+03:00,2026-03-27T03:00:00+03:00,2047.35
2026-03-27T04:00:00+03:00,2026-03-27T04:00:00+03:00,1861.23
2026-03-27T05:00:00+03:00,2026-03-27T05:00:00+03:00,1890.0
2026-03-27T06:00:00+03:00,2026-03-27T06:00:00+03:00,2047.35
2026-03-27T07:00:00+03:00,2026-03-27T07:00:00+03:00,2000.0
2026-03-27T08:00:00+03:00,2026-03-27T08:00:00+03:00,2475.0
2026-03-27T09:00:00+03:00,2026-03-27T09:00:00+03:00,1861.23
2026-03-27T10:00:00+03:00,2026-03-27T10:00:00+03:00,0.0
2026-03-27T11:00:00+03:00,2026-03-27T11:00:00+03:00,0.0
2026-03-27T12:00:00+03:00,2026-03-27T12:00:00+03:00,0.0
2026-03-27T13:00:00+03:00,2026-03-27T13:00:00+03:00,0.0
2026-03-27T14:00:00+03:00,2026-03-27T14:00:00+03:00,0.0
2026-03-27T15:00:00+03:00,2026-03-27T15:00:00+03:00,0.0
2026-03-27T16:00:00+03:00,2026-03-27T16:00:00+03:00,0.0
2026-03-27T17:00:00+03:00,2026-03-27T17:00:00+03:00,125.0
2026-03-27T18:00:00+03:00,2026-03-27T18:00:00+03:00,200.0
2026-03-27T19:00:00+03:00,2026-03-27T19:00:00+03:00,3390.0
2026-03-27T20:00:00+03:00,2026-03-27T20:00:00+03:00,3390.0
2026-03-27T21:00:00+03:00,2026-03-27T21:00:00+03:00,500.0
2026-03-27T22:00:00+03:00,2026-03-27T22:00:00+03:00,9.0
2026-03-27T23:00:00+03:00,2026-03-27T23:00:00+03:00,0.0
2026-03-28T00:00:00+03:00,2026-03-28T00:00:00+03:00,0.0
2026-03-28T01:00:00+03:00,2026-03-28T01:00:00+03:00,0.0
2026-03-28T02:00:00+03:00,2026-03-28T02:00:00+03:00,0.0
2026-03-28T03:00:00+03:00,2026-03-28T03:00:00+03:00,0.0
2026-03-28T04:00:00+03:00,2026-03-28T04:00:00+03:00,0.0
2026-03-28T05:00:00+03:00,2026-03-28T05:00:00+03:00,0.0
2026-03-28T06:00:00+03:00,2026-03-28T06:00:00+03:00,0.0
2026-03-28T07:00:00+03:00,2026-03-28T07:00:00+03:00,0.0
2026-03-28T08:00:00+03:00,2026-03-28T08:00:00+03:00,0.0
2026-03-28T09:00:00+03:00,2026-03-28T09:00:00+03:00,1900.0
2026-03-28T10:00:00+03:00,2026-03-28T10:00:00+03:00,2047.74
2026-03-28T11:00:00+03:00,2026-03-28T11:00:00+03:00,2500.0
2026-03-28T12:00:00+03:00,2026-03-28T12:00:00+03:00,2047.74
2026-03-28T13:00:00+03:00,2026-03-28T13:00:00+03:00,1990.0
2026-03-28T14:00:00+03:00,2026-03-28T14:00:00+03:00,1800.0
2026-03-28T15:00:00+03:00,2026-03-28T15:00:00+03:00,0.0
2026-03-28T16:00:00+03:00,2026-03-28T16:00:00+03:00,0.0
2026-03-28T17:00:00+03:00,2026-03-28T17:00:00+03:00,500.0
2026-03-28T18:00:00+03:00,2026-03-28T18:00:00+03:00,700.0
2026-03-28T19:00:00+03:00,2026-03-28T19:00:00+03:00,3400.0
2026-03-28T20:00:00+03:00,2026-03-28T20:00:00+03:00,3400.0
2026-03-28T21:00:00+03:00,2026-03-28T21:00:00+03:00,3220.0
2026-03-28T22:00:00+03:00,2026-03-28T22:00:00+03:00,2850.0
2026-03-28T23:00:00+03:00,2026-03-28T23:00:00+03:00,1990.0
2026-03-29T00:00:00+03:00,2026-03-29T00:00:00+03:00,2900.0
2026-03-29T01:00:00+03:00,2026-03-29T01:00:00+03:00,2500.0
2026-03-29T02:00:00+03:00,2026-03-29T02:00:00+03:00,1861.8
2026-03-29T03:00:00+03:00,2026-03-29T03:00:00+03:00,1861.8
2026-03-29T04:00:00+03:00,2026-03-29T04:00:00+03:00,1129.0
2026-03-29T05:00:00+03:00,2026-03-29T05:00:00+03:00,1200.0
2026-03-29T06:00:00+03:00,2026-03-29T06:00:00+03:00,1029.0
2026-03-29T07:00:00+03:00,2026-03-29T07:00:00+03:00,0.0
2026-03-29T08:00:00+03:00,2026-03-29T08:00:00+03:00,0.0
2026-03-29T09:00:00+03:00,2026-03-29T09:00:00+03:00,0.0
2026-03-29T10:00:00+03:00,2026-03-29T10:00:00+03:00,0.0
2026-03-29T11:00:00+03:00,2026-03-29T11:00:00+03:00,1861.8
2026-03-29T12:00:00+03:00,2026-03-29T12:00:00+03:00,2047.98
2026-03-29T13:00:00+03:00,2026-03-29T13:00:00+03:00,2047.98
2026-03-29T14:00:00+03:00,2026-03-29T14:00:00+03:00,2498.0
2026-03-29T15:00:00+03:00,2026-03-29T15:00:00+03:00,2047.98
2026-03-29T16:00:00+03:00,2026-03-29T16:00:00+03:00,490.0
2026-03-29T17:00:00+03:00,2026-03-29T17:00:00+03:00,200.0
2026-03-29T18:00:00+03:00,2026-03-29T18:00:00+03:00,180.0
2026-03-29T19:00:00+03:00,2026-03-29T19:00:00+03:00,3390.0
2026-03-29T20:00:00+03:00,2026-03-29T20:00:00+03:00,3390.0
2026-03-29T21:00:00+03:00,2026-03-29T21:00:00+03:00,800.0
2026-03-29T22:00:00+03:00,2026-03-29T22:00:00+03:00,800.0
2026-03-29T23:00:00+03:00,2026-03-29T23:00:00+03:00,799.99
2026-03-30T00:00:00+03:00,2026-03-30T00:00:00+03:00,600.0
2026-03-30T01:00:00+03:00,2026-03-30T01:00:00+03:00,1000.0
2026-03-30T02:00:00+03:00,2026-03-30T02:00:00+03:00,1200.0
2026-03-30T03:00:00+03:00,2026-03-30T03:00:00+03:00,299.0
2026-03-30T04:00:00+03:00,2026-03-30T04:00:00+03:00,9.0
2026-03-30T05:00:00+03:00,2026-03-30T05:00:00+03:00,0.0
2026-03-30T06:00:00+03:00,2026-03-30T06:00:00+03:00,0.0
2026-03-30T07:00:00+03:00,2026-03-30T07:00:00+03:00,0.0
2026-03-30T08:00:00+03:00,2026-03-30T08:00:00+03:00,1240.1
2026-03-30T09:00:00+03:00,2026-03-30T09:00:00+03:00,3200.0
2026-03-30T10:00:00+03:00,2026-03-30T10:00:00+03:00,3200.0
2026-03-30T11:00:00+03:00,2026-03-30T11:00:00+03:00,3100.0
2026-03-30T12:00:00+03:00,2026-03-30T12:00:00+03:00,2498.0
2026-03-30T13:00:00+03:00,2026-03-30T13:00:00+03:00,2498.0
2026-03-30T14:00:00+03:00,2026-03-30T14:00:00+03:00,3000.0
2026-03-30T15:00:00+03:00,2026-03-30T15:00:00+03:00,2900.0
2026-03-30T16:00:00+03:00,2026-03-30T16:00:00+03:00,3250.0
2026-03-30T17:00:00+03:00,2026-03-30T17:00:00+03:00,3399.91
2026-03-30T18:00:00+03:00,2026-03-30T18:00:00+03:00,3399.91
2026-03-30T19:00:00+03:00,2026-03-30T19:00:00+03:00,3400.0
2026-03-30T20:00:00+03:00,2026-03-30T20:00:00+03:00,3400.0
2026-03-30T21:00:00+03:00,2026-03-30T21:00:00+03:00,3400.0
2026-03-30T22:00:00+03:00,2026-03-30T22:00:00+03:00,3390.0
2026-03-30T23:00:00+03:00,2026-03-30T23:00:00+03:00,3250.0
2026-03-31T00:00:00+03:00,2026-03-31T00:00:00+03:00,2540.0
2026-03-31T01:00:00+03:00,2026-03-31T01:00:00+03:00,3200.0
2026-03-31T02:00:00+03:00,2026-03-31T02:00:00+03:00,2500.0
2026-03-31T03:00:00+03:00,2026-03-31T03:00:00+03:00,800.0
2026-03-31T04:00:00+03:00,2026-03-31T04:00:00+03:00,1900.0
2026-03-31T05:00:00+03:00,2026-03-31T05:00:00+03:00,2100.0
2026-03-31T06:00:00+03:00,2026-03-31T06:00:00+03:00,2100.0
2026-03-31T07:00:00+03:00,2026-03-31T07:00:00+03:00,100.0
2026-03-31T08:00:00+03:00,2026-03-31T08:00:00+03:00,2500.0
2026-03-31T09:00:00+03:00,2026-03-31T09:00:00+03:00,200.0
2026-03-31T10:00:00+03:00,2026-03-31T10:00:00+03:00,0.0
2026-03-31T11:00:00+03:00,2026-03-31T11:00:00+03:00,0.0
2026-03-31T12:00:00+03:00,2026-03-31T12:00:00+03:00,0.0
2026-03-31T13:00:00+03:00,2026-03-31T13:00:00+03:00,0.0
2026-03-31T14:00:00+03:00,2026-03-31T14:00:00+03:00,0.0
2026-03-31T15:00:00+03:00,2026-03-31T15:00:00+03:00,0.0
2026-03-31T16:00:00+03:00,2026-03-31T16:00:00+03:00,1000.0
2026-03-31T17:00:00+03:00,2026-03-31T17:00:00+03:00,3200.0
2026-03-31T18:00:00+03:00,2026-03-31T18:00:00+03:00,1750.01
2026-03-31T19:00:00+03:00,2026-03-31T19:00:00+03:00,1900.0
2026-03-31T20:00:00+03:00,2026-03-31T20:00:00+03:00,3400.0
2026-03-31T21:00:00+03:00,2026-03-31T21:00:00+03:00,2941.78
2026-03-31T22:00:00+03:00,2026-03-31T22:00:00+03:00,800.0
2026-03-31T23:00:00+03:00,2026-03-31T23:00:00+03:00,1861.8
2026-04-01T00:00:00+03:00,2026-04-01T00:00:00+03:00,100.0
2026-04-01T01:00:00+03:00,2026-04-01T01:00:00+03:00,100.0
2026-04-01T02:00:00+03:00,2026-04-01T02:00:00+03:00,0.0
2026-04-01T03:00:00+03:00,2026-04-01T03:00:00+03:00,0.0
2026-04-01T04:00:00+03:00,2026-04-01T04:00:00+03:00,0.0
2026-04-01T05:00:00+03:00,2026-04-01T05:00:00+03:00,11.0
2026-04-01T06:00:00+03:00,2026-04-01T06:00:00+03:00,100.0
2026-04-01T07:00:00+03:00,2026-04-01T07:00:00+03:00,1200.0
2026-04-01T08:00:00+03:00,2026-04-01T08:00:00+03:00,0.0
2026-04-01T09:00:00+03:00,2026-04-01T09:00:00+03:00,0.0
2026-04-01T10:00:00+03:00,2026-04-01T10:00:00+03:00,0.0
2026-04-01T11:00:00+03:00,2026-04-01T11:00:00+03:00,0.0
2026-04-01T12:00:00+03:00,2026-04-01T12:00:00+03:00,0.0
2026-04-01T13:00:00+03:00,2026-04-01T13:00:00+03:00,200.01
2026-04-01T14:00:00+03:00,2026-04-01T14:00:00+03:00,1900.0
2026-04-01T15:00:00+03:00,2026-04-01T15:00:00+03:00,2200.0
2026-04-01T16:00:00+03:00,2026-04-01T16:00:00+03:00,2700.0
2026-04-01T17:00:00+03:00,2026-04-01T17:00:00+03:00,2400.0
2026-04-01T18:00:00+03:00,2026-04-01T18:00:00+03:00,1.0
2026-04-01T19:00:00+03:00,2026-04-01T19:00:00+03:00,100.0
2026-04-01T20:00:00+03:00,2026-04-01T20:00:00+03:00,100.0
2026-04-01T21:00:00+03:00,2026-04-01T21:00:00+03:00,0.0
2026-04-01T22:00:00+03:00,2026-04-01T22:00:00+03:00,0.0
2026-04-01T23:00:00+03:00,2026-04-01T23:00:00+03:00,250.0
2026-04-02T00:00:00+03:00,2026-04-02T00:00:00+03:00,249.99
2026-04-02T01:00:00+03:00,2026-04-02T01:00:00+03:00,8.0
2026-04-02T02:00:00+03:00,2026-04-02T02:00:00+03:00,0.0
2026-04-02T03:00:00+03:00,2026-04-02T03:00:00+03:00,0.0
2026-04-02T04:00:00+03:00,2026-04-02T04:00:00+03:00,0.0
2026-04-02T05:00:00+03:00,2026-04-02T05:00:00+03:00,0.0
2026-04-02T06:00:00+03:00,2026-04-02T06:00:00+03:00,0.0
2026-04-02T07:00:00+03:00,2026-04-02T07:00:00+03:00,0.0
2026-04-02T08:00:00+03:00,2026-04-02T08:00:00+03:00,0.0
2026-04-02T09:00:00+03:00,2026-04-02T09:00:00+03:00,100.0
2026-04-02T10:00:00+03:00,2026-04-02T10:00:00+03:00,100.0
2026-04-02T11:00:00+03:00,2026-04-02T11:00:00+03:00,2400.0
2026-04-02T12:00:00+03:00,2026-04-02T12:00:00+03:00,2200.0
2026-04-02T13:00:00+03:00,2026-04-02T13:00:00+03:00,0.0
2026-04-02T14:00:00+03:00,2026-04-02T14:00:00+03:00,0.0
2026-04-02T15:00:00+03:00,2026-04-02T15:00:00+03:00,0.0
2026-04-02T16:00:00+03:00,2026-04-02T16:00:00+03:00,0.0
2026-04-02T17:00:00+03:00,2026-04-02T17:00:00+03:00,0.0
2026-04-02T18:00:00+03:00,2026-04-02T18:00:00+03:00,100.0
2026-04-02T19:00:00+03:00,2026-04-02T19:00:00+03:00,2850.0
2026-04-02T20:00:00+03:00,2026-04-02T20:00:00+03:00,3350.0
2026-04-02T21:00:00+03:00,2026-04-02T21:00:00+03:00,2000.0
2026-04-02T22:00:00+03:00,2026-04-02T22:00:00+03:00,2200.0
2026-04-02T23:00:00+03:00,2026-04-02T23:00:00+03:00,1900.0
2026-04-03T00:00:00+03:00,2026-04-03T00:00:00+03:00,2200.0
2026-04-03T01:00:00+03:00,2026-04-03T01:00:00+03:00,2200.0
2026-04-03T02:00:00+03:00,2026-04-03T02:00:00+03:00,0.0
2026-04-03T03:00:00+03:00,2026-04-03T03:00:00+03:00,0.0
2026-04-03T04:00:00+03:00,2026-04-03T04:00:00+03:00,0.0
2026-04-03T05:00:00+03:00,2026-04-03T05:00:00+03:00,0.0
2026-04-03T06:00:00+03:00,2026-04-03T06:00:00+03:00,1590.0
2026-04-03T07:00:00+03:00,2026-04-03T07:00:00+03:00,1200.0
2026-04-03T08:00:00+03:00,2026-04-03T08:00:00+03:00,3150.0
2026-04-03T09:00:00+03:00,2026-04-03T09:00:00+03:00,3150.0
2026-04-03T10:00:00+03:00,2026-04-03T10:00:00+03:00,2800.0
2026-04-03T11:00:00+03:00,2026-04-03T11:00:00+03:00,2900.0
2026-04-03T12:00:00+03:00,2026-04-03T12:00:00+03:00,3000.01
2026-04-03T13:00:00+03:00,2026-04-03T13:00:00+03:00,0.0
2026-04-03T14:00:00+03:00,2026-04-03T14:00:00+03:00,2400.0
2026-04-03T15:00:00+03:00,2026-04-03T15:00:00+03:00,2200.0
2026-04-03T16:00:00+03:00,2026-04-03T16:00:00+03:00,2400.0
2026-04-03T17:00:00+03:00,2026-04-03T17:00:00+03:00,100.0
2026-04-03T18:00:00+03:00,2026-04-03T18:00:00+03:00,3000.01
2026-04-03T19:00:00+03:00,2026-04-03T19:00:00+03:00,3390.0
2026-04-03T20:00:00+03:00,2026-04-03T20:00:00+03:00,3399.0
2026-04-03T21:00:00+03:00,2026-04-03T21:00:00+03:00,3350.0
2026-04-03T22:00:00+03:00,2026-04-03T22:00:00+03:00,800.0
2026-04-03T23:00:00+03:00,2026-04-03T23:00:00+03:00,1200.0
2026-04-04T00:00:00+03:00,2026-04-04T00:00:00+03:00,700.01
2026-04-04T01:00:00+03:00,2026-04-04T01:00:00+03:00,200.0
2026-04-04T02:00:00+03:00,2026-04-04T02:00:00+03:00,650.99
2026-04-04T03:00:00+03:00,2026-04-04T03:00:00+03:00,110.0
2026-04-04T04:00:00+03:00,2026-04-04T04:00:00+03:00,699.99
2026-04-04T05:00:00+03:00,2026-04-04T05:00:00+03:00,999.99
2026-04-04T06:00:00+03:00,2026-04-04T06:00:00+03:00,900.01
2026-04-04T07:00:00+03:00,2026-04-04T07:00:00+03:00,0.0
2026-04-04T08:00:00+03:00,2026-04-04T08:00:00+03:00,0.0
2026-04-04T09:00:00+03:00,2026-04-04T09:00:00+03:00,0.0
2026-04-04T10:00:00+03:00,2026-04-04T10:00:00+03:00,0.0
2026-04-04T11:00:00+03:00,2026-04-04T11:00:00+03:00,0.0
2026-04-04T12:00:00+03:00,2026-04-04T12:00:00+03:00,0.0
2026-04-04T13:00:00+03:00,2026-04-04T13:00:00+03:00,0.0
2026-04-04T14:00:00+03:00,2026-04-04T14:00:00+03:00,0.0
2026-04-04T15:00:00+03:00,2026-04-04T15:00:00+03:00,0.0
2026-04-04T16:00:00+03:00,2026-04-04T16:00:00+03:00,0.0
2026-04-04T17:00:00+03:00,2026-04-04T17:00:00+03:00,0.0
2026-04-04T18:00:00+03:00,2026-04-04T18:00:00+03:00,800.0
2026-04-04T19:00:00+03:00,2026-04-04T19:00:00+03:00,4500.0
2026-04-04T20:00:00+03:00,2026-04-04T20:00:00+03:00,4500.0
2026-04-04T21:00:00+03:00,2026-04-04T21:00:00+03:00,3600.0
2026-04-04T22:00:00+03:00,2026-04-04T22:00:00+03:00,1725.0
2026-04-04T23:00:00+03:00,2026-04-04T23:00:00+03:00,1090.48
2026-04-05T00:00:00+03:00,2026-04-05T00:00:00+03:00,100.0
2026-04-05T01:00:00+03:00,2026-04-05T01:00:00+03:00,2000.0
2026-04-05T02:00:00+03:00,2026-04-05T02:00:00+03:00,1600.0
2026-04-05T03:00:00+03:00,2026-04-05T03:00:00+03:00,1500.0
2026-04-05T04:00:00+03:00,2026-04-05T04:00:00+03:00,1200.0
2026-04-05T05:00:00+03:00,2026-04-05T05:00:00+03:00,150.0
2026-04-05T06:00:00+03:00,2026-04-05T06:00:00+03:00,200.0
2026-04-05T07:00:00+03:00,2026-04-05T07:00:00+03:00,0.0
2026-04-05T08:00:00+03:00,2026-04-05T08:00:00+03:00,0.0
2026-04-05T09:00:00+03:00,2026-04-05T09:00:00+03:00,0.0
2026-04-05T10:00:00+03:00,2026-04-05T10:00:00+03:00,0.0
2026-04-05T11:00:00+03:00,2026-04-05T11:00:00+03:00,0.0
2026-04-05T12:00:00+03:00,2026-04-05T12:00:00+03:00,0.0
2026-04-05T13:00:00+03:00,2026-04-05T13:00:00+03:00,0.0
2026-04-05T14:00:00+03:00,2026-04-05T14:00:00+03:00,0.0
2026-04-05T15:00:00+03:00,2026-04-05T15:00:00+03:00,0.0
2026-04-05T16:00:00+03:00,2026-04-05T16:00:00+03:00,0.0
2026-04-05T17:00:00+03:00,2026-04-05T17:00:00+03:00,0.0
2026-04-05T18:00:00+03:00,2026-04-05T18:00:00+03:00,0.0
2026-04-05T19:00:00+03:00,2026-04-05T19:00:00+03:00,800.0
2026-04-05T20:00:00+03:00,2026-04-05T20:00:00+03:00,3400.0
2026-04-05T21:00:00+03:00,2026-04-05T21:00:00+03:00,100.0
2026-04-05T22:00:00+03:00,2026-04-05T22:00:00+03:00,350.0
2026-04-05T23:00:00+03:00,2026-04-05T23:00:00+03:00,200.0
2026-04-06T00:00:00+03:00,2026-04-06T00:00:00+03:00,0.0
2026-04-06T01:00:00+03:00,2026-04-06T01:00:00+03:00,0.0
2026-04-06T02:00:00+03:00,2026-04-06T02:00:00+03:00,0.0
2026-04-06T03:00:00+03:00,2026-04-06T03:00:00+03:00,0.0
2026-04-06T04:00:00+03:00,2026-04-06T04:00:00+03:00,0.0
2026-04-06T05:00:00+03:00,2026-04-06T05:00:00+03:00,0.0
2026-04-06T06:00:00+03:00,2026-04-06T06:00:00+03:00,0.0
2026-04-06T07:00:00+03:00,2026-04-06T07:00:00+03:00,0.0
2026-04-06T08:00:00+03:00,2026-04-06T08:00:00+03:00,0.0
2026-04-06T09:00:00+03:00,2026-04-06T09:00:00+03:00,0.0
2026-04-06T10:00:00+03:00,2026-04-06T10:00:00+03:00,0.0
2026-04-06T11:00:00+03:00,2026-04-06T11:00:00+03:00,0.0
2026-04-06T12:00:00+03:00,2026-04-06T12:00:00+03:00,0.0
2026-04-06T13:00:00+03:00,2026-04-06T13:00:00+03:00,0.0
2026-04-06T14:00:00+03:00,2026-04-06T14:00:00+03:00,0.0
2026-04-06T15:00:00+03:00,2026-04-06T15:00:00+03:00,0.0
2026-04-06T16:00:00+03:00,2026-04-06T16:00:00+03:00,0.0
2026-04-06T17:00:00+03:00,2026-04-06T17:00:00+03:00,0.0
2026-04-06T18:00:00+03:00,2026-04-06T18:00:00+03:00,351.0
2026-04-06T19:00:00+03:00,2026-04-06T19:00:00+03:00,2436.0
2026-04-06T20:00:00+03:00,2026-04-06T20:00:00+03:00,4499.0
2026-04-06T21:00:00+03:00,2026-04-06T21:00:00+03:00,4499.0
2026-04-06T22:00:00+03:00,2026-04-06T22:00:00+03:00,3323.69
2026-04-06T23:00:00+03:00,2026-04-06T23:00:00+03:00,700.0
2026-04-07T00:00:00+03:00,2026-04-07T00:00:00+03:00,9.0
2026-04-07T01:00:00+03:00,2026-04-07T01:00:00+03:00,1200.0
2026-04-07T02:00:00+03:00,2026-04-07T02:00:00+03:00,2300.0
2026-04-07T03:00:00+03:00,2026-04-07T03:00:00+03:00,999.99
2026-04-07T04:00:00+03:00,2026-04-07T04:00:00+03:00,1550.0
2026-04-07T05:00:00+03:00,2026-04-07T05:00:00+03:00,1550.0
2026-04-07T06:00:00+03:00,2026-04-07T06:00:00+03:00,1550.0
2026-04-07T07:00:00+03:00,2026-04-07T07:00:00+03:00,0.0
2026-04-07T08:00:00+03:00,2026-04-07T08:00:00+03:00,500.0
2026-04-07T09:00:00+03:00,2026-04-07T09:00:00+03:00,548.0
2026-04-07T10:00:00+03:00,2026-04-07T10:00:00+03:00,0.0
2026-04-07T11:00:00+03:00,2026-04-07T11:00:00+03:00,0.0
2026-04-07T12:00:00+03:00,2026-04-07T12:00:00+03:00,0.0
2026-04-07T13:00:00+03:00,2026-04-07T13:00:00+03:00,0.0
2026-04-07T14:00:00+03:00,2026-04-07T14:00:00+03:00,137.99
2026-04-07T15:00:00+03:00,2026-04-07T15:00:00+03:00,0.0
2026-04-07T16:00:00+03:00,2026-04-07T16:00:00+03:00,0.0
2026-04-07T17:00:00+03:00,2026-04-07T17:00:00+03:00,0.0
2026-04-07T18:00:00+03:00,2026-04-07T18:00:00+03:00,490.0
2026-04-07T19:00:00+03:00,2026-04-07T19:00:00+03:00,3608.35
2026-04-07T20:00:00+03:00,2026-04-07T20:00:00+03:00,4499.0
2026-04-07T21:00:00+03:00,2026-04-07T21:00:00+03:00,3945.0
2026-04-07T22:00:00+03:00,2026-04-07T22:00:00+03:00,2950.0
2026-04-07T23:00:00+03:00,2026-04-07T23:00:00+03:00,200.0
2026-04-08T00:00:00+03:00,2026-04-08T00:00:00+03:00,0.0
2026-04-08T01:00:00+03:00,2026-04-08T01:00:00+03:00,0.0
2026-04-08T02:00:00+03:00,2026-04-08T02:00:00+03:00,303.0
2026-04-08T03:00:00+03:00,2026-04-08T03:00:00+03:00,0.0
2026-04-08T04:00:00+03:00,2026-04-08T04:00:00+03:00,0.0
2026-04-08T05:00:00+03:00,2026-04-08T05:00:00+03:00,0.0
2026-04-08T06:00:00+03:00,2026-04-08T06:00:00+03:00,0.0
2026-04-08T07:00:00+03:00,2026-04-08T07:00:00+03:00,0.0
2026-04-08T08:00:00+03:00,2026-04-08T08:00:00+03:00,2500.0
2026-04-08T09:00:00+03:00,2026-04-08T09:00:00+03:00,3150.0
2026-04-08T10:00:00+03:00,2026-04-08T10:00:00+03:00,3000.02
2026-04-08T11:00:00+03:00,2026-04-08T11:00:00+03:00,2300.0
2026-04-08T12:00:00+03:00,2026-04-08T12:00:00+03:00,900.0
2026-04-08T13:00:00+03:00,2026-04-08T13:00:00+03:00,900.0
2026-04-08T14:00:00+03:00,2026-04-08T14:00:00+03:00,3000.01
2026-04-08T15:00:00+03:00,2026-04-08T15:00:00+03:00,2900.0
2026-04-08T16:00:00+03:00,2026-04-08T16:00:00+03:00,2300.0
2026-04-08T17:00:00+03:00,2026-04-08T17:00:00+03:00,749.47
2026-04-08T18:00:00+03:00,2026-04-08T18:00:00+03:00,450.0
2026-04-08T19:00:00+03:00,2026-04-08T19:00:00+03:00,700.0
2026-04-08T20:00:00+03:00,2026-04-08T20:00:00+03:00,700.0
2026-04-08T21:00:00+03:00,2026-04-08T21:00:00+03:00,700.0
2026-04-08T22:00:00+03:00,2026-04-08T22:00:00+03:00,372.99
2026-04-08T23:00:00+03:00,2026-04-08T23:00:00+03:00,100.0
2026-04-09T00:00:00+03:00,2026-04-09T00:00:00+03:00,0.0
2026-04-09T01:00:00+03:00,2026-04-09T01:00:00+03:00,10.0
2026-04-09T02:00:00+03:00,2026-04-09T02:00:00+03:00,10.0
2026-04-09T03:00:00+03:00,2026-04-09T03:00:00+03:00,5.0
2026-04-09T04:00:00+03:00,2026-04-09T04:00:00+03:00,100.0
2026-04-09T05:00:00+03:00,2026-04-09T05:00:00+03:00,1500.0
2026-04-09T06:00:00+03:00,2026-04-09T06:00:00+03:00,1750.0
2026-04-09T07:00:00+03:00,2026-04-09T07:00:00+03:00,1891.93
2026-04-09T08:00:00+03:00,2026-04-09T08:00:00+03:00,3249.0
2026-04-09T09:00:00+03:00,2026-04-09T09:00:00+03:00,2500.0
2026-04-09T10:00:00+03:00,2026-04-09T10:00:00+03:00,1390.0
2026-04-09T11:00:00+03:00,2026-04-09T11:00:00+03:00,1891.93
2026-04-09T12:00:00+03:00,2026-04-09T12:00:00+03:00,0.0
2026-04-09T13:00:00+03:00,2026-04-09T13:00:00+03:00,1891.93
2026-04-09T14:00:00+03:00,2026-04-09T14:00:00+03:00,3000.01
2026-04-09T15:00:00+03:00,2026-04-09T15:00:00+03:00,2200.0
2026-04-09T16:00:00+03:00,2026-04-09T16:00:00+03:00,4300.0
2026-04-09T17:00:00+03:00,2026-04-09T17:00:00+03:00,4498.91
2026-04-09T18:00:00+03:00,2026-04-09T18:00:00+03:00,4500.0
2026-04-09T19:00:00+03:00,2026-04-09T19:00:00+03:00,4500.0
2026-04-09T20:00:00+03:00,2026-04-09T20:00:00+03:00,4500.0
2026-04-09T21:00:00+03:00,2026-04-09T21:00:00+03:00,4498.92
2026-04-09T22:00:00+03:00,2026-04-09T22:00:00+03:00,4499.0
2026-04-09T23:00:00+03:00,2026-04-09T23:00:00+03:00,4498.9
2026-04-10T00:00:00+03:00,2026-04-10T00:00:00+03:00,800.0
2026-04-10T01:00:00+03:00,2026-04-10T01:00:00+03:00,700.0
2026-04-10T02:00:00+03:00,2026-04-10T02:00:00+03:00,800.0
2026-04-10T03:00:00+03:00,2026-04-10T03:00:00+03:00,1200.01
2026-04-10T04:00:00+03:00,2026-04-10T04:00:00+03:00,1600.0
2026-04-10T05:00:00+03:00,2026-04-10T05:00:00+03:00,2898.0
2026-04-10T06:00:00+03:00,2026-04-10T06:00:00+03:00,2200.0
2026-04-10T07:00:00+03:00,2026-04-10T07:00:00+03:00,2188.3
2026-04-10T08:00:00+03:00,2026-04-10T08:00:00+03:00,4388.0
2026-04-10T09:00:00+03:00,2026-04-10T09:00:00+03:00,4300.0
2026-04-10T10:00:00+03:00,2026-04-10T10:00:00+03:00,2188.3
2026-04-10T11:00:00+03:00,2026-04-10T11:00:00+03:00,3000.02
2026-04-10T12:00:00+03:00,2026-04-10T12:00:00+03:00,50.0
2026-04-10T13:00:00+03:00,2026-04-10T13:00:00+03:00,0.0
2026-04-10T14:00:00+03:00,2026-04-10T14:00:00+03:00,2188.3
2026-04-10T15:00:00+03:00,2026-04-10T15:00:00+03:00,1989.37
2026-04-10T16:00:00+03:00,2026-04-10T16:00:00+03:00,2898.0
2026-04-10T17:00:00+03:00,2026-04-10T17:00:00+03:00,4300.0
2026-04-10T18:00:00+03:00,2026-04-10T18:00:00+03:00,4300.0
2026-04-10T19:00:00+03:00,2026-04-10T19:00:00+03:00,4500.0
2026-04-10T20:00:00+03:00,2026-04-10T20:00:00+03:00,2801.0
2026-04-10T21:00:00+03:00,2026-04-10T21:00:00+03:00,4498.9
2026-04-10T22:00:00+03:00,2026-04-10T22:00:00+03:00,4388.0
2026-04-10T23:00:00+03:00,2026-04-10T23:00:00+03:00,4388.0
2026-04-11T00:00:00+03:00,2026-04-11T00:00:00+03:00,4498.3
2026-04-11T01:00:00+03:00,2026-04-11T01:00:00+03:00,4300.0
2026-04-11T02:00:00+03:00,2026-04-11T02:00:00+03:00,4300.0
2026-04-11T03:00:00+03:00,2026-04-11T03:00:00+03:00,3000.0
2026-04-11T04:00:00+03:00,2026-04-11T04:00:00+03:00,3000.0
2026-04-11T05:00:00+03:00,2026-04-11T05:00:00+03:00,2800.0
2026-04-11T06:00:00+03:00,2026-04-11T06:00:00+03:00,2498.0
2026-04-11T07:00:00+03:00,2026-04-11T07:00:00+03:00,1200.0
2026-04-11T08:00:00+03:00,2026-04-11T08:00:00+03:00,3000.0
2026-04-11T09:00:00+03:00,2026-04-11T09:00:00+03:00,2498.0
2026-04-11T10:00:00+03:00,2026-04-11T10:00:00+03:00,1490.0
2026-04-11T11:00:00+03:00,2026-04-11T11:00:00+03:00,1151.0
2026-04-11T12:00:00+03:00,2026-04-11T12:00:00+03:00,0.0
2026-04-11T13:00:00+03:00,2026-04-11T13:00:00+03:00,0.0
2026-04-11T14:00:00+03:00,2026-04-11T14:00:00+03:00,0.0
2026-04-11T15:00:00+03:00,2026-04-11T15:00:00+03:00,0.0
2026-04-11T16:00:00+03:00,2026-04-11T16:00:00+03:00,0.0
2026-04-11T17:00:00+03:00,2026-04-11T17:00:00+03:00,800.0
2026-04-11T18:00:00+03:00,2026-04-11T18:00:00+03:00,4498.3
2026-04-11T19:00:00+03:00,2026-04-11T19:00:00+03:00,4500.0
2026-04-11T20:00:00+03:00,2026-04-11T20:00:00+03:00,4500.0
2026-04-11T21:00:00+03:00,2026-04-11T21:00:00+03:00,4500.0
2026-04-11T22:00:00+03:00,2026-04-11T22:00:00+03:00,4500.0
2026-04-11T23:00:00+03:00,2026-04-11T23:00:00+03:00,4498.91
2026-04-12T00:00:00+03:00,2026-04-12T00:00:00+03:00,4377.0
2026-04-12T01:00:00+03:00,2026-04-12T01:00:00+03:00,3000.03
2026-04-12T02:00:00+03:00,2026-04-12T02:00:00+03:00,3000.0
2026-04-12T03:00:00+03:00,2026-04-12T03:00:00+03:00,700.0
2026-04-12T04:00:00+03:00,2026-04-12T04:00:00+03:00,599.99
2026-04-12T05:00:00+03:00,2026-04-12T05:00:00+03:00,1851.0
2026-04-12T06:00:00+03:00,2026-04-12T06:00:00+03:00,1957.71
2026-04-12T07:00:00+03:00,2026-04-12T07:00:00+03:00,2153.48
2026-04-12T08:00:00+03:00,2026-04-12T08:00:00+03:00,0.0
2026-04-12T09:00:00+03:00,2026-04-12T09:00:00+03:00,0.0
2026-04-12T10:00:00+03:00,2026-04-12T10:00:00+03:00,0.0
2026-04-12T11:00:00+03:00,2026-04-12T11:00:00+03:00,0.0
2026-04-12T12:00:00+03:00,2026-04-12T12:00:00+03:00,0.0
2026-04-12T13:00:00+03:00,2026-04-12T13:00:00+03:00,0.0
2026-04-12T14:00:00+03:00,2026-04-12T14:00:00+03:00,0.0
2026-04-12T15:00:00+03:00,2026-04-12T15:00:00+03:00,0.0
2026-04-12T16:00:00+03:00,2026-04-12T16:00:00+03:00,0.0
2026-04-12T17:00:00+03:00,2026-04-12T17:00:00+03:00,0.0
2026-04-12T18:00:00+03:00,2026-04-12T18:00:00+03:00,0.0
2026-04-12T19:00:00+03:00,2026-04-12T19:00:00+03:00,4377.0
2026-04-12T20:00:00+03:00,2026-04-12T20:00:00+03:00,4500.0
2026-04-12T21:00:00+03:00,2026-04-12T21:00:00+03:00,4498.9
2026-04-12T22:00:00+03:00,2026-04-12T22:00:00+03:00,4377.0
2026-04-12T23:00:00+03:00,2026-04-12T23:00:00+03:00,3000.0
2026-04-13T00:00:00+03:00,2026-04-13T00:00:00+03:00,2153.48
2026-04-13T01:00:00+03:00,2026-04-13T01:00:00+03:00,2153.48
2026-04-13T02:00:00+03:00,2026-04-13T02:00:00+03:00,1340.0
2026-04-13T03:00:00+03:00,2026-04-13T03:00:00+03:00,348.0
2026-04-13T04:00:00+03:00,2026-04-13T04:00:00+03:00,225.0
2026-04-13T05:00:00+03:00,2026-04-13T05:00:00+03:00,300.0
2026-04-13T06:00:00+03:00,2026-04-13T06:00:00+03:00,977.0
2026-04-13T07:00:00+03:00,2026-04-13T07:00:00+03:00,0.0
2026-04-13T08:00:00+03:00,2026-04-13T08:00:00+03:00,0.0
2026-04-13T09:00:00+03:00,2026-04-13T09:00:00+03:00,0.0
2026-04-13T10:00:00+03:00,2026-04-13T10:00:00+03:00,0.0
2026-04-13T11:00:00+03:00,2026-04-13T11:00:00+03:00,0.0
2026-04-13T12:00:00+03:00,2026-04-13T12:00:00+03:00,0.0
2026-04-13T13:00:00+03:00,2026-04-13T13:00:00+03:00,0.0
2026-04-13T14:00:00+03:00,2026-04-13T14:00:00+03:00,0.0
2026-04-13T15:00:00+03:00,2026-04-13T15:00:00+03:00,0.0
2026-04-13T16:00:00+03:00,2026-04-13T16:00:00+03:00,0.0
2026-04-13T17:00:00+03:00,2026-04-13T17:00:00+03:00,800.0
2026-04-13T18:00:00+03:00,2026-04-13T18:00:00+03:00,2001.0
2026-04-13T19:00:00+03:00,2026-04-13T19:00:00+03:00,4500.0
